yaml_source,dataset_name,split,note,task_type,sub_task,language,source_lang,target_lang,num_audio_segments,num_samples,total_duration_sec,total_duration_dhms,min_segment_duration_sec,max_segment_duration_sec,avg_segment_duration_sec,median_segment_duration_sec,std_segment_duration_sec,avg_instruction_words,min_instruction_words,max_instruction_words,avg_response_words,min_response_words,max_response_words,num_unique_speakers,avg_audio_sampling_rate,avg_audio_channels,file_exists,raw_manifest_path,path
input_cfg_train,PxSLU,train,with punctuations,asr,,fr,,,1955,1955,15159.52,0d 04h 12m 39s,0.36,29.952,7.754,6.8,5.165,4.923,1,14,11.593,1.0,48.0,,,,True,${oc.env:DATA_FOLDER}/nemo/asr/fr/context/PxSLU/train_recasepunc.jsonl,/data-server/datasets/audio/nemo/asr/fr/context/PxSLU/train_recasepunc.jsonl
input_cfg_train,FLEURS,train,,asr,,fr,,,3193,3193,37162.62,0d 10h 19m 22s,3.84,29.4,11.639,11.22,3.333,4.883,1,13,24.091,5.0,64.0,,,,True,${oc.env:DATA_FOLDER}/nemo/asr/fr/context/FLEURS/train.jsonl,/data-server/datasets/audio/nemo/asr/fr/context/FLEURS/train.jsonl
input_cfg_train,ACSYNT,train,,asr,,fr,,,3539,3539,28475.39,0d 07h 54m 35s,0.239,32.146,8.046,6.691,5.496,4.964,1,14,25.85,1.0,116.0,,,,True,${oc.env:DATA_FOLDER}/nemo/asr/fr/context/ACSYNT/train.jsonl,/data-server/datasets/audio/nemo/asr/fr/context/ACSYNT/train.jsonl
input_cfg_train,LINAGORA_Meetings,train,,asr,,fr,,,6197,6197,37240.78,0d 10h 20m 40s,0.1,519.919,6.009,2.871,14.653,4.948,1,14,16.109,1.0,1417.0,,,,True,${oc.env:DATA_FOLDER}/nemo/asr/fr/context/LINAGORA_Meetings/train.jsonl,/data-server/datasets/audio/nemo/asr/fr/context/LINAGORA_Meetings/train.jsonl
input_cfg_train,VoxForge,train,with punctuations,asr,,fr,,,22429,22429,133855.53,1d 13h 10m 55s,0.75,27.125,5.968,5.803,1.352,4.916,1,14,11.141,5.0,15.0,,,,True,${oc.env:DATA_FOLDER}/nemo/asr/fr/context/VoxForge/train_recasepunc.jsonl,/data-server/datasets/audio/nemo/asr/fr/context/VoxForge/train_recasepunc.jsonl
input_cfg_train,SimSamu,train,,asr,,fr,,,3089,3089,9411.99,0d 02h 36m 51s,0.16,19.72,3.047,2.06,2.869,4.922,1,14,11.454,1.0,87.0,,,,True,${oc.env:DATA_FOLDER}/nemo/asr/fr/context/SimSamu/train.jsonl,/data-server/datasets/audio/nemo/asr/fr/context/SimSamu/train.jsonl
input_cfg_train,LVL-Atril-CTFAR,train,,asr,,fr,,,58210,58210,298622.72,3d 10h 57m 02s,0.111,30.0,5.13,2.53,6.237,4.915,1,14,15.53,1.0,341.0,,,,True,${oc.env:DATA_FOLDER}/nemo/asr/fr/context/LVL-Atril-CTFAR/train.jsonl,/data-server/datasets/audio/nemo/asr/fr/context/LVL-Atril-CTFAR/train.jsonl
input_cfg_train,PFC,train,,asr,,fr,,,67374,67374,224119.3,2d 14h 15m 19s,0.18,37.299,3.326,2.864,1.946,4.93,1,14,7.812,1.0,90.0,,,,True,${oc.env:DATA_FOLDER}/nemo/asr/fr/context/PFC/train.jsonl,/data-server/datasets/audio/nemo/asr/fr/context/PFC/train.jsonl
input_cfg_train,LVL-Atril-CTFNN1,train,,asr,,fr,,,69780,69780,151226.98,1d 18h 00m 26s,0.1,9.279,2.167,1.949,1.39,4.924,1,14,6.197,1.0,24.0,,,,True,${oc.env:DATA_FOLDER}/nemo/asr/fr/context/LVL-Atril-CTFNN1/train.jsonl,/data-server/datasets/audio/nemo/asr/fr/context/LVL-Atril-CTFNN1/train.jsonl
input_cfg_train,AfricanAccentedFrench,train,"with punctuations, max duration is 30s",asr,,fr,,,11470,11470,49344.74,0d 13h 42m 24s,0.5,29.986,4.302,3.81,2.288,4.912,1,14,7.696,1.0,91.0,,,,True,${oc.env:DATA_FOLDER}/nemo/asr/fr/context/AfricanAccentedFrench/train_recasepunc_max30.jsonl,/data-server/datasets/audio/nemo/asr/fr/context/AfricanAccentedFrench/train_recasepunc_max30.jsonl
input_cfg_train,CFPB,train,with punctuations,asr,,fr,,,18415,18415,32752.47,0d 09h 05m 52s,0.11,115.469,1.779,1.614,1.395,4.925,1,14,5.745,1.0,55.0,,,,True,${oc.env:DATA_FOLDER}/nemo/asr/fr/context/CFPB/train_recasepunc.jsonl,/data-server/datasets/audio/nemo/asr/fr/context/CFPB/train_recasepunc.jsonl
input_cfg_train,CLAPI,train,with punctuations,asr,,fr,,,17799,17799,78880.07,0d 21h 54m 40s,0.1,336.4,4.432,2.81,7.491,4.914,1,14,8.639,1.0,411.0,,,,True,${oc.env:DATA_FOLDER}/nemo/asr/fr/context/CLAPI/train_recasepunc.jsonl,/data-server/datasets/audio/nemo/asr/fr/context/CLAPI/train_recasepunc.jsonl
input_cfg_train,LesVocaux,train,with punctuations,asr,,fr,,,744,744,36945.55,0d 10h 15m 45s,1.31,788.64,49.658,27.4,83.25,4.876,1,14,160.414,1.0,2226.0,,,,True,${oc.env:DATA_FOLDER}/nemo/asr/fr/context/LesVocaux/train_recasepunc.jsonl,/data-server/datasets/audio/nemo/asr/fr/context/LesVocaux/train_recasepunc.jsonl
input_cfg_train,CFPP2000,train,with punctuations,asr,,fr,,,30278,30278,137925.97,1d 14h 18m 45s,0.101,111.892,4.555,1.936,7.447,4.93,1,14,14.949,1.0,386.0,,,,True,${oc.env:DATA_FOLDER}/nemo/asr/fr/context/CFPP2000/train_recasepunc.jsonl,/data-server/datasets/audio/nemo/asr/fr/context/CFPP2000/train_recasepunc.jsonl
input_cfg_train,VoxPopuli,train,,asr,,fr,,,73561,73561,740553.73,8d 13h 42m 33s,0.52,91.06,10.067,8.82,6.042,4.921,1,14,27.316,1.0,278.0,,,,True,${oc.env:DATA_FOLDER}/nemo/asr/fr/context/VoxPopuli/train.jsonl,/data-server/datasets/audio/nemo/asr/fr/context/VoxPopuli/train.jsonl
input_cfg_train,Multilingual_TEDx,train,,asr,,fr,,,116045,116045,632985.62,7d 07h 49m 45s,0.03,401.7,5.455,4.11,5.924,4.859,1,13,15.83,0.0,277.0,,,,True,${oc.env:DATA_FOLDER}/nemo/asr/fr/context/Multilingual_TEDx/train.jsonl,/data-server/datasets/audio/nemo/asr/fr/context/Multilingual_TEDx/train.jsonl
input_cfg_train,TCOF_Adultes,train,with punctuations,asr,,fr,,,79682,79682,202306.42,2d 08h 11m 46s,0.1,76.896,2.539,1.937,2.339,4.924,1,14,8.479,1.0,132.0,,,,True,${oc.env:DATA_FOLDER}/nemo/asr/fr/context/TCOF_Adultes/train_recasepunc.jsonl,/data-server/datasets/audio/nemo/asr/fr/context/TCOF_Adultes/train_recasepunc.jsonl
input_cfg_train,TCOF_Enfants,train,with punctuations,asr,,fr,,,73055,73055,185530.35,2d 03h 32m 10s,0.1,111.007,2.54,2.032,2.013,5.921,1,14,5.426,1.0,60.0,,,,True,${oc.env:DATA_FOLDER}/nemo/asr/fr/context/TCOF_Enfants/train_recasepunc.jsonl,/data-server/datasets/audio/nemo/asr/fr/context/TCOF_Enfants/train_recasepunc.jsonl
input_cfg_train,Multilingual_LibriSpeech,train,,asr,,fr,,,258213,258213,3875689.87,44d 20h 34m 49s,10.0,20.0,15.01,14.95,2.887,7.417,1,22,36.729,3.0,110.0,,,,True,${oc.env:DATA_FOLDER}/nemo/asr/fr/context/Multilingual_LibriSpeech/train.jsonl,/data-server/datasets/audio/nemo/asr/fr/context/Multilingual_LibriSpeech/train.jsonl
input_cfg_train,YouTubeFr,train,,asr,,fr,,,233522,233522,2852867.18,33d 00h 27m 47s,0.1,30.0,12.217,8.465,10.098,4.894,1,14,38.954,1.0,374.0,,,,True,${oc.env:DATA_FOLDER}/nemo/asr/fr/context/YouTubeFr/train_split0.jsonl,/data-server/datasets/audio/nemo/asr/fr/context/YouTubeFr/train_split0.jsonl
input_cfg_train,YouTubeFr,train,,asr,,fr,,,233087,233087,2970736.15,34d 09h 12m 16s,0.1,30.0,12.745,9.088,10.325,4.899,1,14,40.807,1.0,377.0,,,,True,${oc.env:DATA_FOLDER}/nemo/asr/fr/context/YouTubeFr/train_split1.jsonl,/data-server/datasets/audio/nemo/asr/fr/context/YouTubeFr/train_split1.jsonl
input_cfg_train,YouTubeFr,train,,asr,,fr,,,233282,233282,2885193.0,33d 09h 26m 33s,0.1,30.0,12.368,8.673,10.097,4.905,1,14,39.34,1.0,351.0,,,,True,${oc.env:DATA_FOLDER}/nemo/asr/fr/context/YouTubeFr/train_split2.jsonl,/data-server/datasets/audio/nemo/asr/fr/context/YouTubeFr/train_split2.jsonl
input_cfg_train,YouTubeFr,train,,asr,,fr,,,232449,232449,2808093.06,32d 12h 01m 33s,0.1,30.0,12.08,8.312,10.069,4.903,1,14,38.5,1.0,361.0,,,,True,${oc.env:DATA_FOLDER}/nemo/asr/fr/context/YouTubeFr/train_split3.jsonl,/data-server/datasets/audio/nemo/asr/fr/context/YouTubeFr/train_split3.jsonl
input_cfg_train,Yodas,train,,asr,,fr,,,332707,332707,8543968.03,98d 21h 19m 28s,0.1,30.0,25.68,27.45,5.632,4.899,1,14,71.33,1.0,339.0,,,,True,${oc.env:DATA_FOLDER}/nemo/asr/fr/context/Yodas/train.jsonl,/data-server/datasets/audio/nemo/asr/fr/context/Yodas/train.jsonl
input_cfg_train,FLEURS,train,,asr,,en,,,2516,2516,26159.9,0d 07h 15m 59s,3.18,42.36,10.397,9.84,3.686,4.508,1,12,26.427,6.0,2916.0,,,,True,${oc.env:DATA_FOLDER}/nemo/asr/en/context/FLEURS/train.jsonl,/data-server/datasets/audio/nemo/asr/en/context/FLEURS/train.jsonl
input_cfg_train,ESLO,train,with punctuations,asr,,fr,,,454574,454574,980804.36,11d 08h 26m 44s,0.1,21.77,2.158,1.568,2.063,4.923,1,14,7.214,1.0,82.0,,,,True,${oc.env:DATA_FOLDER}/nemo/asr/fr/context/ESLO/train_recasepunc.jsonl,/data-server/datasets/audio/nemo/asr/fr/context/ESLO/train_recasepunc.jsonl
input_cfg_train,YouTubeFr,train,,asr,,fr,,,224726,224726,2774675.41,32d 02h 44m 35s,0.1,30.0,12.347,8.654,10.14,4.901,1,14,39.412,1.0,349.0,,,,True,${oc.env:DATA_FOLDER}/nemo/asr/fr/context/YouTubeFr/train_split4.jsonl,/data-server/datasets/audio/nemo/asr/fr/context/YouTubeFr/train_split4.jsonl
input_cfg_train,CommonVoice,train,,asr,,fr,,,593066,593066,3063005.92,35d 10h 50m 05s,0.696,17.856,5.165,5.04,1.489,4.862,1,13,9.914,1.0,40.0,,,,True,${oc.env:DATA_FOLDER}/nemo/asr/fr/context/CommonVoice/train.jsonl,/data-server/datasets/audio/nemo/asr/fr/context/CommonVoice/train.jsonl
input_cfg_train,FLEURS,train,,asr,,de,,,2973,2973,32283.24,0d 08h 58m 03s,3.24,26.76,10.859,10.44,3.213,4.272,1,13,20.692,5.0,55.0,,,,True,${oc.env:DATA_FOLDER}/nemo/asr/de/context/FLEURS/train.jsonl,/data-server/datasets/audio/nemo/asr/de/context/FLEURS/train.jsonl
input_cfg_train,Multilingual_TEDx,train,,asr,,de,,,6764,6764,37013.84,0d 10h 16m 53s,0.03,209.45,5.472,4.13,5.4,4.265,1,13,14.023,0.0,149.0,,,,True,${oc.env:DATA_FOLDER}/nemo/asr/de/context/Multilingual_TEDx/train.jsonl,/data-server/datasets/audio/nemo/asr/de/context/Multilingual_TEDx/train.jsonl
input_cfg_train,YouTubeFr,train,,asr,,fr,,,166101,166101,2035660.08,23d 13h 27m 40s,0.1,30.0,12.256,8.454,10.167,4.899,1,14,39.182,1.0,236.0,,,,True,${oc.env:DATA_FOLDER}/nemo/asr/fr/context/YouTubeFr/train_split6.jsonl,/data-server/datasets/audio/nemo/asr/fr/context/YouTubeFr/train_split6.jsonl
input_cfg_train,YouTubeFr,train,,asr,,fr,,,209632,209632,2573859.79,29d 18h 57m 39s,0.1,30.0,12.278,8.54,10.068,4.901,1,14,38.971,1.0,424.0,,,,True,${oc.env:DATA_FOLDER}/nemo/asr/fr/context/YouTubeFr/train_split5.jsonl,/data-server/datasets/audio/nemo/asr/fr/context/YouTubeFr/train_split5.jsonl
input_cfg_train,VoxPopuli,train,,asr,,de,,,108473,108473,952757.87,11d 00h 39m 17s,0.52,198.23,8.783,7.36,6.017,4.293,1,13,20.812,1.0,508.0,,,,True,${oc.env:DATA_FOLDER}/nemo/asr/de/context/VoxPopuli/train.jsonl,/data-server/datasets/audio/nemo/asr/de/context/VoxPopuli/train.jsonl
input_cfg_train,FLEURS,train,,asr,,es,,,2796,2796,31699.92,0d 08h 48m 19s,3.42,29.22,11.338,10.92,3.528,4.504,1,13,24.727,6.0,61.0,,,,True,${oc.env:DATA_FOLDER}/nemo/asr/es/context/FLEURS/train.jsonl,/data-server/datasets/audio/nemo/asr/es/context/FLEURS/train.jsonl
input_cfg_train,VoxPopuli,train,,asr,,en,,,182482,182482,1881440.28,21d 18h 37m 20s,0.52,228.82,10.31,9.06,6.3,4.496,1,12,25.972,1.0,501.0,,,,True,${oc.env:DATA_FOLDER}/nemo/asr/en/context/VoxPopuli/train.jsonl,/data-server/datasets/audio/nemo/asr/en/context/VoxPopuli/train.jsonl
input_cfg_train,Multilingual_TEDx,train,,asr,,es,,,102171,102171,640043.05,7d 09h 47m 23s,0.03,1347.41,6.264,4.59,10.482,4.489,1,13,16.398,0.0,523.0,,,,True,${oc.env:DATA_FOLDER}/nemo/asr/es/context/Multilingual_TEDx/train.jsonl,/data-server/datasets/audio/nemo/asr/es/context/Multilingual_TEDx/train.jsonl
input_cfg_train,VoxPopuli,train,,asr,,es,,,50922,50922,546964.98,6d 07h 56m 04s,0.52,115.06,10.741,9.44,6.433,4.505,1,13,28.873,1.0,241.0,,,,True,${oc.env:DATA_FOLDER}/nemo/asr/es/context/VoxPopuli/train.jsonl,/data-server/datasets/audio/nemo/asr/es/context/VoxPopuli/train.jsonl
input_cfg_train,CommonVoice,train,,asr,,es,,,353701,353701,1831348.11,21d 04h 42m 28s,0.252,22.584,5.178,5.076,1.461,4.486,1,13,9.954,1.0,18.0,,,,True,${oc.env:DATA_FOLDER}/nemo/asr/es/context/CommonVoice/train.jsonl,/data-server/datasets/audio/nemo/asr/es/context/CommonVoice/train.jsonl
input_cfg_train,FLEURS,train,,asr,,it,,,3028,3028,32369.82,0d 08h 59m 29s,1.74,34.2,10.69,10.32,3.466,4.27,1,13,22.707,3.0,58.0,,,,True,${oc.env:DATA_FOLDER}/nemo/asr/it/context/FLEURS/train.jsonl,/data-server/datasets/audio/nemo/asr/it/context/FLEURS/train.jsonl
input_cfg_train,Multilingual_LibriSpeech,train,,asr,,es,,,220701,220701,3303662.97,38d 05h 41m 02s,10.0,20.0,14.969,14.89,2.865,7.05,1,21,36.464,3.0,111.0,,,,True,${oc.env:DATA_FOLDER}/nemo/asr/es/context/Multilingual_LibriSpeech/train.jsonl,/data-server/datasets/audio/nemo/asr/es/context/Multilingual_LibriSpeech/train.jsonl
input_cfg_train,Multilingual_TEDx,train,,asr,,it,,,49964,49964,362539.07,4d 04h 42m 19s,0.03,1077.35,7.256,5.54,10.259,4.283,1,13,17.651,0.0,226.0,,,,True,${oc.env:DATA_FOLDER}/nemo/asr/it/context/Multilingual_TEDx/train.jsonl,/data-server/datasets/audio/nemo/asr/it/context/Multilingual_TEDx/train.jsonl
input_cfg_train,Multilingual_LibriSpeech,train,,asr,,it,,,59623,59623,890560.45,10d 07h 22m 40s,10.0,20.0,14.937,14.87,2.819,6.846,1,21,33.309,3.0,72.0,,,,True,${oc.env:DATA_FOLDER}/nemo/asr/it/context/Multilingual_LibriSpeech/train.jsonl,/data-server/datasets/audio/nemo/asr/it/context/Multilingual_LibriSpeech/train.jsonl
input_cfg_train,VoxPopuli,train,,asr,,it,,,22576,22576,281052.22,3d 06h 04m 12s,0.52,134.7,12.449,11.205,7.158,4.293,1,13,30.146,1.0,410.0,,,,True,${oc.env:DATA_FOLDER}/nemo/asr/it/context/VoxPopuli/train.jsonl,/data-server/datasets/audio/nemo/asr/it/context/VoxPopuli/train.jsonl
input_cfg_train,FLEURS,train,,asr,,nl,,,2918,2918,27579.66,0d 07h 39m 39s,2.52,23.64,9.452,9.0,3.096,4.649,1,13,21.692,5.0,59.0,,,,True,${oc.env:DATA_FOLDER}/nemo/asr/nl/context/FLEURS/train.jsonl,/data-server/datasets/audio/nemo/asr/nl/context/FLEURS/train.jsonl
input_cfg_train,CommonVoice,train,,asr,,it,,,172828,172828,916745.45,10d 14h 39m 05s,0.744,14.064,5.304,5.256,1.61,4.282,1,13,9.886,1.0,53.0,,,,True,${oc.env:DATA_FOLDER}/nemo/asr/it/context/CommonVoice/train.jsonl,/data-server/datasets/audio/nemo/asr/it/context/CommonVoice/train.jsonl
input_cfg_train,VoxPopuli,train,,asr,,nl,,,20968,20968,166872.96,1d 22h 21m 12s,0.52,50.28,7.958,6.88,5.022,4.648,1,13,20.916,1.0,122.0,,,,True,${oc.env:DATA_FOLDER}/nemo/asr/nl/context/VoxPopuli/train.jsonl,/data-server/datasets/audio/nemo/asr/nl/context/VoxPopuli/train.jsonl
input_cfg_train,CommonVoice,train,,asr,,nl,,,43458,43458,194938.9,2d 06h 08m 58s,1.656,10.344,4.486,4.392,1.158,4.655,1,13,9.656,2.0,14.0,,,,True,${oc.env:DATA_FOLDER}/nemo/asr/nl/context/CommonVoice/train.jsonl,/data-server/datasets/audio/nemo/asr/nl/context/CommonVoice/train.jsonl
input_cfg_train,FLEURS,train,,asr,,pt,,,2790,2790,36608.82,0d 10h 10m 08s,3.9,37.62,13.121,12.48,4.355,4.513,1,13,22.109,5.0,57.0,,,,True,${oc.env:DATA_FOLDER}/nemo/asr/pt/context/FLEURS/train.jsonl,/data-server/datasets/audio/nemo/asr/pt/context/FLEURS/train.jsonl
input_cfg_train,CommonVoice,train,,asr,,pt,,,22923,22923,94740.41,1d 02h 19m 00s,0.612,15.48,4.133,3.816,1.715,4.527,1,13,6.28,1.0,15.0,,,,True,${oc.env:DATA_FOLDER}/nemo/asr/pt/context/CommonVoice/train.jsonl,/data-server/datasets/audio/nemo/asr/pt/context/CommonVoice/train.jsonl
input_cfg_train,Multilingual_LibriSpeech,train,,asr,,pt,,,37533,37533,579467.51,6d 16h 57m 47s,10.0,20.0,15.439,15.38,3.097,7.106,1,21,33.602,3.0,71.0,,,,True,${oc.env:DATA_FOLDER}/nemo/asr/pt/context/Multilingual_LibriSpeech/train.jsonl,/data-server/datasets/audio/nemo/asr/pt/context/Multilingual_LibriSpeech/train.jsonl
input_cfg_train,Multilingual_LibriSpeech,train,,asr,,de,,,469942,469942,7079430.82,81d 22h 30m 30s,10.0,20.0,15.064,15.01,2.902,6.636,1,21,28.742,3.0,96.0,,,,True,${oc.env:DATA_FOLDER}/nemo/asr/de/context/Multilingual_LibriSpeech/train.jsonl,/data-server/datasets/audio/nemo/asr/de/context/Multilingual_LibriSpeech/train.jsonl
input_cfg_train,CommonVoice,train,,asr,,de,,,607871,607871,3465757.82,40d 02h 42m 37s,1.044,25.176,5.701,5.58,1.632,4.275,1,13,9.518,1.0,39.0,,,,True,${oc.env:DATA_FOLDER}/nemo/asr/de/context/CommonVoice/train.jsonl,/data-server/datasets/audio/nemo/asr/de/context/CommonVoice/train.jsonl
input_cfg_train,Multilingual_TEDx,train,,asr,,pt,,,90244,90244,550062.06,6d 08h 47m 42s,0.03,882.0,6.095,4.45,7.451,4.528,1,13,15.87,0.0,698.0,,,,True,${oc.env:DATA_FOLDER}/nemo/asr/pt/context/Multilingual_TEDx/train.jsonl,/data-server/datasets/audio/nemo/asr/pt/context/Multilingual_TEDx/train.jsonl
input_cfg_train,CommonVoiceFR2AR,train,,ast,,,fr,ar,116027,116027,598360.01,6d 22h 12m 40s,0.744,13.5,5.157,5.04,1.489,4.192,1,13,7.82,1.0,771.0,,,,True,${oc.env:DATA_FOLDER}/nemo/ast/fr-ar/context/CommonVoiceFR2AR/train.jsonl,/data-server/datasets/audio/nemo/ast/fr-ar/context/CommonVoiceFR2AR/train.jsonl
input_cfg_train,Multilingual_LibriSpeech,train,,asr,,nl,,,374287,374287,5595278.6,64d 18h 14m 38s,10.0,20.0,14.949,14.88,2.855,7.294,1,21,31.254,3.0,90.0,,,,True,${oc.env:DATA_FOLDER}/nemo/asr/nl/context/Multilingual_LibriSpeech/train.jsonl,/data-server/datasets/audio/nemo/asr/nl/context/Multilingual_LibriSpeech/train.jsonl
input_cfg_train,CommonVoice,train,,asr,,en,,,1138760,1138760,6474131.68,74d 22h 22m 11s,0.252,49.932,5.685,5.568,1.586,4.482,1,12,10.183,1.0,40.0,,,,True,${oc.env:DATA_FOLDER}/nemo/asr/en/context/CommonVoice/train.jsonl,/data-server/datasets/audio/nemo/asr/en/context/CommonVoice/train.jsonl
input_cfg_train,Multilingual_TEDx,train,,ast,,,fr,es,20826,20826,117013.75,1d 08h 30m 13s,0.03,401.7,5.619,4.21,6.578,3.889,1,13,14.178,0.0,156.0,,,,True,${oc.env:DATA_FOLDER}/nemo/ast/fr-es/context/Multilingual_TEDx/train.jsonl,/data-server/datasets/audio/nemo/ast/fr-es/context/Multilingual_TEDx/train.jsonl
input_cfg_train,CoVoST,train,,ast,,,en,de,429267,429267,2115477.96,24d 11h 37m 57s,0.72,121.8,4.928,4.752,1.774,3.994,1,13,9.18,1.0,48.0,,,,True,${oc.env:DATA_FOLDER}/nemo/ast/en-de/context/CoVoST/train.jsonl,/data-server/datasets/audio/nemo/ast/en-de/context/CoVoST/train.jsonl
input_cfg_train,CommonVoiceFR2DE,train,,ast,,,fr,de,592511,592511,3059878.11,35d 09h 57m 58s,0.696,17.856,5.164,5.04,1.489,4.114,1,13,9.357,1.0,127.0,,,,True,${oc.env:DATA_FOLDER}/nemo/ast/fr-de/context/CommonVoiceFR2DE/train.jsonl,/data-server/datasets/audio/nemo/ast/fr-de/context/CommonVoiceFR2DE/train.jsonl
input_cfg_train,Multilingual_TEDx,train,,ast,,,fr,pt,13286,13286,72118.74,0d 20h 01m 58s,0.03,302.66,5.428,4.12,5.793,3.956,1,13,13.748,0.0,146.0,,,,True,${oc.env:DATA_FOLDER}/nemo/ast/fr-pt/context/Multilingual_TEDx/train.jsonl,/data-server/datasets/audio/nemo/ast/fr-pt/context/Multilingual_TEDx/train.jsonl
input_cfg_train,CommonVoiceFR2ES,train,,ast,,,fr,es,592951,592951,3062382.98,35d 10h 39m 42s,0.696,17.856,5.165,5.04,1.489,3.893,1,13,9.937,1.0,51.0,,,,True,${oc.env:DATA_FOLDER}/nemo/ast/fr-es/context/CommonVoiceFR2ES/train.jsonl,/data-server/datasets/audio/nemo/ast/fr-es/context/CommonVoiceFR2ES/train.jsonl
input_cfg_train,CommonVoiceFR2IT,train,,ast,,,fr,it,592957,592957,3062445.78,35d 10h 40m 45s,0.696,17.856,5.165,5.04,1.489,3.831,1,13,9.335,1.0,59.0,,,,True,${oc.env:DATA_FOLDER}/nemo/ast/fr-it/context/CommonVoiceFR2IT/train.jsonl,/data-server/datasets/audio/nemo/ast/fr-it/context/CommonVoiceFR2IT/train.jsonl
input_cfg_train,CommonVoiceFR2NL,train,,ast,,,fr,nl,592709,592709,3060997.8,35d 10h 16m 37s,0.696,17.856,5.164,5.04,1.489,4.052,1,13,9.952,1.0,78.0,,,,True,${oc.env:DATA_FOLDER}/nemo/ast/fr-nl/context/CommonVoiceFR2NL/train.jsonl,/data-server/datasets/audio/nemo/ast/fr-nl/context/CommonVoiceFR2NL/train.jsonl
input_cfg_train,CoVoST,train,,ast,,,fr,en,247231,247231,1135432.37,13d 03h 23m 52s,0.624,13.296,4.593,4.464,1.66,3.887,1,13,8.75,1.0,39.0,,,,True,${oc.env:DATA_FOLDER}/nemo/ast/fr-en/context/CoVoST/train.jsonl,/data-server/datasets/audio/nemo/ast/fr-en/context/CoVoST/train.jsonl
input_cfg_train,Multilingual_TEDx,train,,ast,,,fr,en,30171,30171,162285.84,1d 21h 04m 45s,0.03,388.51,5.379,4.06,5.627,3.89,1,13,14.654,0.0,138.0,,,,True,${oc.env:DATA_FOLDER}/nemo/ast/fr-en/context/Multilingual_TEDx/train.jsonl,/data-server/datasets/audio/nemo/ast/fr-en/context/Multilingual_TEDx/train.jsonl
input_cfg_train,CommonVoiceFR2PT,train,,ast,,,fr,pt,592952,592952,3062392.6,35d 10h 39m 52s,0.696,17.856,5.165,5.04,1.489,3.955,1,13,9.618,1.0,257.0,,,,True,${oc.env:DATA_FOLDER}/nemo/ast/fr-pt/context/CommonVoiceFR2PT/train.jsonl,/data-server/datasets/audio/nemo/ast/fr-pt/context/CommonVoiceFR2PT/train.jsonl
input_cfg_train,Multilingual_TEDx,train,,ast,,,es,fr,3663,3663,22834.79,0d 06h 20m 34s,0.09,49.29,6.234,4.81,5.408,3.852,1,13,17.017,0.0,129.0,,,,True,${oc.env:DATA_FOLDER}/nemo/ast/es-fr/context/Multilingual_TEDx/train.jsonl,/data-server/datasets/audio/nemo/ast/es-fr/context/Multilingual_TEDx/train.jsonl
input_cfg_train,Multilingual_TEDx,train,,ast,,,es,it,5600,5600,35710.81,0d 09h 55m 10s,0.03,351.65,6.377,4.6,7.648,3.719,1,13,15.113,0.0,115.0,,,,True,${oc.env:DATA_FOLDER}/nemo/ast/es-it/context/Multilingual_TEDx/train.jsonl,/data-server/datasets/audio/nemo/ast/es-it/context/Multilingual_TEDx/train.jsonl
input_cfg_train,Multilingual_TEDx,train,,ast,,,es,pt,21107,21107,134115.84,1d 13h 15m 15s,0.03,441.99,6.354,4.86,7.237,3.79,1,13,15.486,0.0,121.0,,,,True,${oc.env:DATA_FOLDER}/nemo/ast/es-pt/context/Multilingual_TEDx/train.jsonl,/data-server/datasets/audio/nemo/ast/es-pt/context/Multilingual_TEDx/train.jsonl
input_cfg_train,CommonVoiceEN2FR,train,,ast,,,en,fr,1138760,1138760,6474131.68,74d 22h 22m 11s,0.252,49.932,5.685,5.568,1.586,6.488,1,583,,,,,,,True,${oc.env:DATA_FOLDER}/nemo/ast/en-fr/context/CommonVoiceEN2FR/train.jsonl,/data-server/datasets/audio/nemo/ast/en-fr/context/CommonVoiceEN2FR/train.jsonl
input_cfg_train,CoVoST,train,,ast,,,es,en,91902,91902,473000.18,5d 11h 23m 20s,1.536,15.648,5.147,5.016,1.544,3.771,1,13,9.432,1.0,25.0,,,,True,${oc.env:DATA_FOLDER}/nemo/ast/es-en/context/CoVoST/train.jsonl,/data-server/datasets/audio/nemo/ast/es-en/context/CoVoST/train.jsonl
input_cfg_train,Multilingual_TEDx,train,,ast,,,es,en,36263,36263,231743.87,2d 16h 22m 23s,0.03,917.82,6.391,4.75,9.109,3.771,1,13,15.881,0.0,421.0,,,,True,${oc.env:DATA_FOLDER}/nemo/ast/es-en/context/Multilingual_TEDx/train.jsonl,/data-server/datasets/audio/nemo/ast/es-en/context/Multilingual_TEDx/train.jsonl
input_cfg_train,Multilingual_TEDx,train,,ast,,,it,es,2261,2261,17081.55,0d 04h 44m 41s,0.03,47.2,7.555,5.79,6.296,3.816,1,13,18.834,0.0,130.0,,,,True,${oc.env:DATA_FOLDER}/nemo/ast/it-es/context/Multilingual_TEDx/train.jsonl,/data-server/datasets/audio/nemo/ast/it-es/context/Multilingual_TEDx/train.jsonl
input_cfg_train,CoVoST,train,,ast,,,de,en,264140,264140,1244317.9,14d 09h 38m 37s,0.552,25.176,4.711,4.416,1.757,3.97,1,13,9.041,1.0,29.0,,,,True,${oc.env:DATA_FOLDER}/nemo/ast/de-en/context/CoVoST/train.jsonl,/data-server/datasets/audio/nemo/ast/de-en/context/CoVoST/train.jsonl
input_cfg_train,Multilingual_TEDx,train,,ast,,,it,en,24576,24576,171598.04,1d 23h 39m 58s,0.03,1037.85,6.982,5.42,9.047,3.711,1,13,17.01,0.0,130.0,,,,True,${oc.env:DATA_FOLDER}/nemo/ast/it-en/context/Multilingual_TEDx/train.jsonl,/data-server/datasets/audio/nemo/ast/it-en/context/Multilingual_TEDx/train.jsonl
input_cfg_train,CoVoST,train,,ast,,,it,en,42867,42867,217805.11,2d 12h 30m 05s,0.744,14.064,5.081,4.944,1.878,3.712,1,13,10.304,1.0,61.0,,,,True,${oc.env:DATA_FOLDER}/nemo/ast/it-en/context/CoVoST/train.jsonl,/data-server/datasets/audio/nemo/ast/it-en/context/CoVoST/train.jsonl
input_cfg_train,CommonVoiceNL2FR,train,,ast,,,nl,fr,43448,43448,194889.83,2d 06h 08m 09s,1.656,10.344,4.486,4.392,1.158,3.957,1,13,10.151,1.0,326.0,,,,True,${oc.env:DATA_FOLDER}/nemo/ast/nl-fr/context/CommonVoiceNL2FR/train.jsonl,/data-server/datasets/audio/nemo/ast/nl-fr/context/CommonVoiceNL2FR/train.jsonl
input_cfg_train,CommonVoicePT2FR,train,,ast,,,pt,fr,22917,22917,94716.22,1d 02h 18m 36s,0.612,15.48,4.133,3.816,1.715,3.856,1,13,6.74,1.0,84.0,,,,True,${oc.env:DATA_FOLDER}/nemo/ast/pt-fr/context/CommonVoicePT2FR/train.jsonl,/data-server/datasets/audio/nemo/ast/pt-fr/context/CommonVoicePT2FR/train.jsonl
input_cfg_train,CommonVoiceIT2FR,train,,ast,,,it,fr,109725,109725,582455.06,6d 17h 47m 35s,0.744,14.064,5.308,5.256,1.612,3.894,1,13,10.888,1.0,133.0,,,,True,${oc.env:DATA_FOLDER}/nemo/ast/it-fr/context/CommonVoiceIT2FR/train.jsonl,/data-server/datasets/audio/nemo/ast/it-fr/context/CommonVoiceIT2FR/train.jsonl
input_cfg_train,Multilingual_TEDx,train,,ast,,,pt,es,11499,11499,74171.58,0d 20h 36m 11s,0.06,882.0,6.45,4.7,10.761,3.774,1,13,15.466,0.0,136.0,,,,True,${oc.env:DATA_FOLDER}/nemo/ast/pt-es/context/Multilingual_TEDx/train.jsonl,/data-server/datasets/audio/nemo/ast/pt-es/context/Multilingual_TEDx/train.jsonl
input_cfg_train,CoVoST,train,,ast,,,pt,en,14894,14894,64371.67,0d 17h 52m 51s,1.584,10.464,4.322,4.104,1.422,3.775,1,13,7.627,1.0,20.0,,,,True,${oc.env:DATA_FOLDER}/nemo/ast/pt-en/context/CoVoST/train.jsonl,/data-server/datasets/audio/nemo/ast/pt-en/context/CoVoST/train.jsonl
input_cfg_train,CommonVoicePT2FR_7B,train,,ast,,,pt,fr,22923,22923,94740.41,1d 02h 19m 00s,0.612,15.48,4.133,3.816,1.715,4.825,1,37,,,,,,,True,${oc.env:DATA_FOLDER}/nemo/ast/pt-fr/context/CommonVoicePT2FR_7B/train.jsonl,/data-server/datasets/audio/nemo/ast/pt-fr/context/CommonVoicePT2FR_7B/train.jsonl
input_cfg_train,CommonVoiceES2FR,train,,ast,,,es,fr,353539,353539,1830439.47,21d 04h 27m 19s,0.252,22.584,5.177,5.076,1.461,3.852,1,13,10.601,1.0,311.0,,,,True,${oc.env:DATA_FOLDER}/nemo/ast/es-fr/context/CommonVoiceES2FR/train.jsonl,/data-server/datasets/audio/nemo/ast/es-fr/context/CommonVoiceES2FR/train.jsonl
input_cfg_train,CommonVoiceFR2EN,train,,ast,,,fr,en,593033,593033,3062824.89,35d 10h 47m 04s,0.696,17.856,5.165,5.04,1.489,3.891,1,13,9.742,1.0,390.0,,,,True,${oc.env:DATA_FOLDER}/nemo/ast/fr-en/context/CommonVoiceFR2EN/train.jsonl,/data-server/datasets/audio/nemo/ast/fr-en/context/CommonVoiceFR2EN/train.jsonl
input_cfg_train,amuvarma--10k-filtered-tune-audio-text_answer,train,,qa,,en,,,9000,9000,46817.79,0d 13h 00m 17s,1.01,361.175,5.202,4.214,6.64,4.5,1,8,67.326,3.0,348.0,,,,True,${oc.env:DATA_FOLDER}/nemo/question-answering/qa_audio-question-only/en/amuvarma--10k-filtered-tune-audio-text_answer/train.jsonl,/data-server/datasets/audio/nemo/question-answering/qa_audio-question-only/en/amuvarma--10k-filtered-tune-audio-text_answer/train.jsonl
input_cfg_train,liangtianle--science-question,train,,qa,,en,,,3500,3500,27802.04,0d 07h 43m 22s,1.8,16.92,7.943,7.64,2.163,4.5,1,8,18.575,6.0,54.0,,,,True,${oc.env:DATA_FOLDER}/nemo/question-answering/qa_audio-question-only/en/liangtianle--science-question/train.jsonl,/data-server/datasets/audio/nemo/question-answering/qa_audio-question-only/en/liangtianle--science-question/train.jsonl
input_cfg_train,Multilingual_TEDx,train,,ast,,,pt,en,30855,30855,190761.28,2d 04h 59m 21s,0.03,882.0,6.183,4.51,9.385,3.771,1,13,15.294,0.0,140.0,,,,True,${oc.env:DATA_FOLDER}/nemo/ast/pt-en/context/Multilingual_TEDx/train.jsonl,/data-server/datasets/audio/nemo/ast/pt-en/context/Multilingual_TEDx/train.jsonl
input_cfg_train,liangtianle--unsafety-question,train,,qa,,en,,,3383,3383,57313.52,0d 15h 55m 13s,2.76,37.48,16.942,17.24,4.737,4.5,1,8,352.71,1.0,1562.0,,,,True,${oc.env:DATA_FOLDER}/nemo/question-answering/qa_audio-question-only/en/liangtianle--unsafety-question/train.jsonl,/data-server/datasets/audio/nemo/question-answering/qa_audio-question-only/en/liangtianle--unsafety-question/train.jsonl
input_cfg_train,slu-phase-2-sqa5,train,,qa,,en,,,46186,46186,1840454.62,21d 07h 14m 14s,3.066,40.0,39.849,40.0,1.615,6.089,1,142,1.476,1.0,110.0,,,,True,${oc.env:DATA_FOLDER}/nemo/question-answering/qa_audio-context-text-question/en/slu-phase-2-sqa5/train.jsonl,/data-server/datasets/audio/nemo/question-answering/qa_audio-context-text-question/en/slu-phase-2-sqa5/train.jsonl
input_cfg_train,yijingwu--HeySQuAD_human,train,,qa,,en,,,10757,10757,64964.28,0d 18h 02m 44s,2.155,26.448,6.039,5.828,1.608,21.092,1,499,3.007,1.0,43.0,,,,True,${oc.env:DATA_FOLDER}/nemo/question-answering/qa_audio-question-text-context/en/yijingwu--HeySQuAD_human/train.jsonl,/data-server/datasets/audio/nemo/question-answering/qa_audio-question-text-context/en/yijingwu--HeySQuAD_human/train.jsonl
input_cfg_train,CohereLabs--aya_collection,train,,qa,,fr,,,723,723,3613.8,0d 01h 00m 13s,1.28,29.48,4.998,3.84,3.198,4.5,1,8,77.393,1.0,1777.0,,,,True,${oc.env:DATA_FOLDER}/nemo/question-answering/qa_audio-question-only/fr/CohereLabs--aya_collection/train.jsonl,/data-server/datasets/audio/nemo/question-answering/qa_audio-question-only/fr/CohereLabs--aya_collection/train.jsonl
input_cfg_train,gruhit-patel--alpaca_speech_instruct,train,,qa,,en,,,51753,51753,259417.41,3d 00h 03m 37s,0.755,105.964,5.013,3.924,4.293,4.5,1,8,109.939,1.0,507.0,,,,True,${oc.env:DATA_FOLDER}/nemo/question-answering/qa_audio-question-only/en/gruhit-patel--alpaca_speech_instruct/train.jsonl,/data-server/datasets/audio/nemo/question-answering/qa_audio-question-only/en/gruhit-patel--alpaca_speech_instruct/train.jsonl
input_cfg_train,ComparIA,train,,qa,,fr,,,12900,12900,77388.81,0d 21h 29m 48s,0.06,40.0,5.999,4.96,3.869,4.5,1,8,329.539,0.0,4490.0,,,,True,${oc.env:DATA_FOLDER}/nemo/question-answering/qa_audio-question-only/fr/ComparIA/train.jsonl,/data-server/datasets/audio/nemo/question-answering/qa_audio-question-only/fr/ComparIA/train.jsonl
input_cfg_train,Vigogne--Alpaca,train,,qa,,fr,,,49657,49657,287025.11,3d 07h 43m 45s,0.14,40.71,5.78,5.04,3.1,4.5,1,8,52.391,1.0,582.0,,,,True,${oc.env:DATA_FOLDER}/nemo/question-answering/qa_audio-question-only/fr/Vigogne--Alpaca/train.jsonl,/data-server/datasets/audio/nemo/question-answering/qa_audio-question-only/fr/Vigogne--Alpaca/train.jsonl
input_cfg_train,CommonVoiceDE2FR,train,,ast,,,de,fr,607530,607530,3463708.03,40d 02h 08m 28s,1.044,25.176,5.701,5.58,1.632,4.052,1,13,11.387,1.0,67.0,,,,True,${oc.env:DATA_FOLDER}/nemo/ast/de-fr/context/CommonVoiceDE2FR/train.jsonl,/data-server/datasets/audio/nemo/ast/de-fr/context/CommonVoiceDE2FR/train.jsonl
input_cfg_train,worstchan--UltraChat-300K-SLAM-Omni,train,,qa,,en,,,164464,164464,1231490.63,14d 06h 04m 50s,0.395,29.989,7.488,5.596,5.497,1.0,1,1,60.016,1.0,120.0,,,,True,${oc.env:DATA_FOLDER}/nemo/question-answering/qa_audio-question-only/en/worstchan--UltraChat-300K-SLAM-Omni/train.jsonl,/data-server/datasets/audio/nemo/question-answering/qa_audio-question-only/en/worstchan--UltraChat-300K-SLAM-Omni/train.jsonl
input_cfg_train,clotho_aqa_improved,train,,aqa,aqa,en,,,5802,5802,130976.86,1d 12h 22m 56s,15.0,30.0,22.574,22.65,4.364,4.233,1,23,8.884,3.0,56.0,,,,True,${oc.env:DATA_FOLDER}/nemo/sounds/audio-question-answering/en/context/clotho_aqa_improved/train.jsonl,/data-server/datasets/audio/nemo/sounds/audio-question-answering/en/context/clotho_aqa_improved/train.jsonl
input_cfg_train,CLEAR_v2.0.0_improved,train,,aqa,aqa,en,,,104984,104984,1125122.75,13d 00h 32m 02s,4.464,17.813,10.717,10.939,3.112,9.358,1,28,15.659,4.0,43.0,,,,True,${oc.env:DATA_FOLDER}/nemo/sounds/audio-question-answering/en/context/CLEAR_v2.0.0_improved/train.jsonl,/data-server/datasets/audio/nemo/sounds/audio-question-answering/en/context/CLEAR_v2.0.0_improved/train.jsonl
input_cfg_train,mispeech_MECAT-Caption,train,,aqa,audio_captioning,en,,,19832,19832,199311.6,2d 07h 21m 51s,10.05,10.05,10.05,10.05,0.0,3.909,1,10,13.109,4.0,44.0,,,,True,${oc.env:DATA_FOLDER}/nemo/sounds/audio-captioning/en/context/mispeech_MECAT-Caption/train.jsonl,/data-server/datasets/audio/nemo/sounds/audio-captioning/en/context/mispeech_MECAT-Caption/train.jsonl
input_cfg_train,mispeech_MECAT-QA,train,,aqa,aqa,en,,,100195,100195,1006959.75,11d 15h 42m 39s,10.05,10.05,10.05,10.05,0.0,4.044,1,17,6.609,1.0,20.0,,,,True,${oc.env:DATA_FOLDER}/nemo/sounds/audio-question-answering/en/context/mispeech_MECAT-QA/train.jsonl,/data-server/datasets/audio/nemo/sounds/audio-question-answering/en/context/mispeech_MECAT-QA/train.jsonl
input_cfg_train,MusicCaps,train,,aqa,music_captioning,en,,,2580,2580,25806.46,0d 07h 10m 06s,9.613,10.008,10.003,10.0,0.01,4.892,1,18,46.872,4.0,136.0,,,,True,${oc.env:DATA_FOLDER}/nemo/music/music-captioning/en/context/MusicCaps/train.jsonl,/data-server/datasets/audio/nemo/music/music-captioning/en/context/MusicCaps/train.jsonl
input_cfg_train,AcousticDS,train,,aqa,audio_captioning,en,,,4581,4581,14385.24,0d 03h 59m 45s,0.064,41.045,3.14,2.453,2.452,5.176,1,12,32.957,25.0,46.0,,,,True,${oc.env:DATA_FOLDER}/nemo/misc/en/context/MELD/AcousticDS/train.jsonl,/data-server/datasets/audio/nemo/misc/en/context/MELD/AcousticDS/train.jsonl
input_cfg_train,MusicCaps,train,,aqa,mqa,en,,,2580,2580,25806.46,0d 07h 10m 06s,9.613,10.008,10.003,10.0,0.01,8.321,1,39,,,,,,,True,${oc.env:DATA_FOLDER}/nemo/music/music-question-answering/en/MusicCaps/train.jsonl,/data-server/datasets/audio/nemo/music/music-question-answering/en/MusicCaps/train.jsonl
input_cfg_train,MusicCaps,train,,aqa,mqa,fr,,,2580,2580,25806.46,0d 07h 10m 06s,9.613,10.008,10.003,10.0,0.01,8.84,1,47,,,,,,,True,${oc.env:DATA_FOLDER}/nemo/music/music-question-answering/fr/MusicCaps/train.jsonl,/data-server/datasets/audio/nemo/music/music-question-answering/fr/MusicCaps/train.jsonl
input_cfg_train,mispeech_MECAT-Caption2FR,train,,aqa,audio_captioning,fr,,,19832,19832,199311.6,2d 07h 21m 51s,10.05,10.05,10.05,10.05,0.0,4.081,1,10,17.212,3.0,63.0,,,,True,${oc.env:DATA_FOLDER}/nemo/sounds/audio-captioning/fr/context/mispeech_MECAT-Caption2FR/train.jsonl,/data-server/datasets/audio/nemo/sounds/audio-captioning/fr/context/mispeech_MECAT-Caption2FR/train.jsonl
input_cfg_train,ssi-speech-age-recognition,train,,other,Age recognition,en,,,10000,10000,26219.83,0d 07h 16m 59s,1.254,7.139,2.622,2.469,0.717,4.787,1,14,7.272,4.0,12.0,,,,True,${oc.env:DATA_FOLDER}/nemo/misc/en/context/ssi-speech/ssi-speech-age-recognition/train.jsonl,/data-server/datasets/audio/nemo/misc/en/context/ssi-speech/ssi-speech-age-recognition/train.jsonl
input_cfg_train,VoxPopuli-QA,train,,qa,,en,,,568007,568007,16343486.75,189d 03h 51m 26s,14.95,30.0,28.773,30.0,3.362,6.732,1,36,16.532,1.0,86.0,,,,True,${oc.env:DATA_FOLDER}/nemo/question-answering/qa_audio-context-text-question/en/VoxPopuli-QA/train.jsonl,/data-server/datasets/audio/nemo/question-answering/qa_audio-context-text-question/en/VoxPopuli-QA/train.jsonl
input_cfg_train,ssi-speech-gender-recognition,train,,other,Gender recognition,en,,,10000,10000,26219.83,0d 07h 16m 59s,1.254,7.139,2.622,2.469,0.717,5.527,1,12,6.081,4.0,12.0,,,,True,${oc.env:DATA_FOLDER}/nemo/misc/en/context/ssi-speech/ssi-speech-gender-recognition/train.jsonl,/data-server/datasets/audio/nemo/misc/en/context/ssi-speech/ssi-speech-gender-recognition/train.jsonl
input_cfg_train,ssi-speech-emotion-recognition,train,,other,Gender recognition,en,,,10000,10000,26219.83,0d 07h 16m 59s,1.254,7.139,2.622,2.469,0.717,4.977,1,11,4.171,3.0,6.0,,,,True,${oc.env:DATA_FOLDER}/nemo/misc/en/context/ssi-speech/ssi-speech-emotion-recognition/train.jsonl,/data-server/datasets/audio/nemo/misc/en/context/ssi-speech/ssi-speech-emotion-recognition/train.jsonl
input_cfg_train,EmotionDS,train,,other,Emotion recognition,en,,,9988,9988,31383.53,0d 08h 43m 03s,0.064,41.045,3.142,2.475,2.429,4.977,1,11,4.233,3.0,6.0,,,,True,${oc.env:DATA_FOLDER}/nemo/misc/en/context/MELD/EmotionDS/train.jsonl,/data-server/datasets/audio/nemo/misc/en/context/MELD/EmotionDS/train.jsonl
input_cfg_train,ssd,train,,other,Sentence Stress Detection,en,,,4400,4400,13117.16,0d 03h 38m 37s,1.125,6.513,2.981,2.938,0.648,4.35,1,10,7.172,3.0,13.0,,,,True,${oc.env:DATA_FOLDER}/nemo/misc/en/context/Stress/ssd/train.jsonl,/data-server/datasets/audio/nemo/misc/en/context/Stress/ssd/train.jsonl
input_cfg_train,ssr,train,,other,Sentence Stress Reasoning,en,,,4400,4400,13117.16,0d 03h 38m 37s,1.125,6.513,2.981,2.938,0.648,4.457,1,15,17.697,7.0,32.0,,,,True,${oc.env:DATA_FOLDER}/nemo/misc/en/context/Stress/ssr/train.jsonl,/data-server/datasets/audio/nemo/misc/en/context/Stress/ssr/train.jsonl
input_cfg_train,VoxLingua_lang_identification,train,,other,Language recognition,en,,,13500,13500,130637.49,1d 12h 17m 17s,1.98,19.99,9.677,8.72,4.621,4.467,1,12,5.935,4.0,9.0,,,,True,${oc.env:DATA_FOLDER}/nemo/misc/en/context/VoxLingua_lang_identification/train.jsonl,/data-server/datasets/audio/nemo/misc/en/context/VoxLingua_lang_identification/train.jsonl
input_cfg_train,CLEAR_v1.0.0_improved,train,,aqa,aqa,en,,,607543,607543,30559461.73,353d 16h 44m 21s,40.566,57.56,50.3,50.441,2.689,9.801,1,28,16.272,4.0,56.0,,,,True,${oc.env:DATA_FOLDER}/nemo/sounds/audio-question-answering/en/context/CLEAR_v1.0.0_improved/train.jsonl,/data-server/datasets/audio/nemo/sounds/audio-question-answering/en/context/CLEAR_v1.0.0_improved/train.jsonl
input_cfg_train,ssi-speech-age-recognition,train,,other,Age recognition,fr,,,10000,10000,26219.83,0d 07h 16m 59s,1.254,7.139,2.622,2.469,0.717,5.339,1,14,7.495,4.0,11.0,,,,True,${oc.env:DATA_FOLDER}/nemo/misc/fr/context/ssi-speech/ssi-speech-age-recognition/train.jsonl,/data-server/datasets/audio/nemo/misc/fr/context/ssi-speech/ssi-speech-age-recognition/train.jsonl
input_cfg_train,VoxPopuli-QA,train,,qa,,fr,,,568923,568923,16336397.38,189d 01h 53m 17s,14.95,30.0,28.715,30.0,3.425,7.023,1,41,16.211,1.0,82.0,,,,True,${oc.env:DATA_FOLDER}/nemo/question-answering/qa_audio-context-text-question/fr/VoxPopuli-QA/train.jsonl,/data-server/datasets/audio/nemo/question-answering/qa_audio-context-text-question/fr/VoxPopuli-QA/train.jsonl
input_cfg_train,ssi-speech-gender-recognition,train,,other,Gender recognition,fr,,,10000,10000,26219.83,0d 07h 16m 59s,1.254,7.139,2.622,2.469,0.717,5.748,1,14,6.226,4.0,10.0,,,,True,${oc.env:DATA_FOLDER}/nemo/misc/fr/context/ssi-speech/ssi-speech-gender-recognition/train.jsonl,/data-server/datasets/audio/nemo/misc/fr/context/ssi-speech/ssi-speech-gender-recognition/train.jsonl
input_cfg_train,ssi-speech-emotion-recognition,train,,other,Gender recognition,fr,,,10000,10000,26219.83,0d 07h 16m 59s,1.254,7.139,2.622,2.469,0.717,5.051,1,11,4.762,3.0,9.0,,,,True,${oc.env:DATA_FOLDER}/nemo/misc/fr/context/ssi-speech/ssi-speech-emotion-recognition/train.jsonl,/data-server/datasets/audio/nemo/misc/fr/context/ssi-speech/ssi-speech-emotion-recognition/train.jsonl
input_cfg_train,EmotionDS,train,,other,Emotion recognition,fr,,,9988,9988,31383.53,0d 08h 43m 03s,0.064,41.045,3.142,2.475,2.429,5.025,1,11,4.418,3.0,7.0,,,,True,${oc.env:DATA_FOLDER}/nemo/misc/fr/context/MELD/EmotionDS/train.jsonl,/data-server/datasets/audio/nemo/misc/fr/context/MELD/EmotionDS/train.jsonl
input_cfg_train,OreauFR_02,train,,other,Emotion recognition,fr,,,434,434,1206.31,0d 00h 20m 06s,1.04,6.78,2.78,2.6,0.807,4.664,1,11,5.396,4.0,9.0,,,,True,${oc.env:DATA_FOLDER}/nemo/misc/fr/context/OreauFR_02/train.jsonl,/data-server/datasets/audio/nemo/misc/fr/context/OreauFR_02/train.jsonl
input_cfg_train,emotional-speech-audio-dataset-4languages-fr,train,,other,Emotion recognition,fr,,,144,144,600.82,0d 00h 10m 00s,2.557,6.198,4.172,4.111,0.712,4.701,1,11,5.354,4.0,9.0,,,,True,${oc.env:DATA_FOLDER}/nemo/misc/fr/context/emotional-speech-audio-dataset-4languages-fr/train.jsonl,/data-server/datasets/audio/nemo/misc/fr/context/emotional-speech-audio-dataset-4languages-fr/train.jsonl
input_cfg_train,VoxLingua_lang_identification,train,,other,Language recognition,fr,,,13500,13500,131513.05,1d 12h 31m 53s,1.6,20.0,9.742,8.79,4.636,4.546,1,14,5.72,3.0,10.0,,,,True,${oc.env:DATA_FOLDER}/nemo/misc/fr/context/VoxLingua_lang_identification/train.jsonl,/data-server/datasets/audio/nemo/misc/fr/context/VoxLingua_lang_identification/train.jsonl
input_cfg_train,ssd,train,,other,Sentence Stress Detection,fr,,,4400,4400,13117.16,0d 03h 38m 37s,1.125,6.513,2.981,2.938,0.648,4.641,1,10,7.172,3.0,13.0,,,,True,${oc.env:DATA_FOLDER}/nemo/misc/fr/context/Stress/ssd/train.jsonl,/data-server/datasets/audio/nemo/misc/fr/context/Stress/ssd/train.jsonl
input_cfg_train,CommonVoice-age-recognition,train,,other,Age recognition,fr,,,288112,288112,1467754.31,16d 23h 42m 34s,0.696,16.812,5.094,4.992,1.465,5.334,1,14,8.022,4.0,13.0,,,,True,${oc.env:DATA_FOLDER}/nemo/misc/fr/context/CommonVoice_spk_attributes_reco/CommonVoice-age-recognition/train.jsonl,/data-server/datasets/audio/nemo/misc/fr/context/CommonVoice_spk_attributes_reco/CommonVoice-age-recognition/train.jsonl
input_cfg_train,Menlo--instruction-speech-encodec-v1.5,train,,qa,,en,,,332367,332367,2441473.38,28d 06h 11m 13s,0.013,28.747,7.346,7.507,3.483,4.5,1,8,299.255,1.0,3220.0,,,,True,${oc.env:DATA_FOLDER}/nemo/question-answering/qa_audio-question-only/en/Menlo--instruction-speech-encodec-v1.5/train.jsonl,/data-server/datasets/audio/nemo/question-answering/qa_audio-question-only/en/Menlo--instruction-speech-encodec-v1.5/train.jsonl
input_cfg_train,CommonVoice-age-recognition,train,,other,Age recognition,en,,,667207,667207,3729626.67,43d 04h 00m 26s,0.252,21.6,5.59,5.472,1.533,4.763,1,14,8.14,4.0,14.0,,,,True,${oc.env:DATA_FOLDER}/nemo/misc/en/context/CommonVoice_spk_attributes_reco/CommonVoice-age-recognition/train.jsonl,/data-server/datasets/audio/nemo/misc/en/context/CommonVoice_spk_attributes_reco/CommonVoice-age-recognition/train.jsonl
input_cfg_train,CommonVoice-gender-recognition,train,,other,Gender recognition,fr,,,365902,365902,1870665.39,21d 15h 37m 45s,0.696,16.812,5.112,5.016,1.46,5.751,1,14,6.287,4.0,10.0,,,,True,${oc.env:DATA_FOLDER}/nemo/misc/fr/context/CommonVoice_spk_attributes_reco/CommonVoice-gender-recognition/train.jsonl,/data-server/datasets/audio/nemo/misc/fr/context/CommonVoice_spk_attributes_reco/CommonVoice-gender-recognition/train.jsonl
input_cfg_train,CommonVoice-gender-recognition,train,,other,Gender recognition,en,,,780521,780521,4420204.55,51d 03h 50m 04s,0.252,49.932,5.663,5.544,1.574,5.526,1,12,6.048,4.0,12.0,,,,True,${oc.env:DATA_FOLDER}/nemo/misc/en/context/CommonVoice_spk_attributes_reco/CommonVoice-gender-recognition/train.jsonl,/data-server/datasets/audio/nemo/misc/en/context/CommonVoice_spk_attributes_reco/CommonVoice-gender-recognition/train.jsonl
input_cfg_train,Yodas,train,,asr,,en,,,7984260,7984260,70010483.86,810d 07h 21m 23s,0.16,39.98,8.769,5.08,9.608,4.499,1,12,23.109,1.0,236.0,,,,True,${oc.env:DATA_FOLDER}/nemo/asr/en/context/Yodas/train.jsonl,/data-server/datasets/audio/nemo/asr/en/context/Yodas/train.jsonl
input_cfg_train,Multilingual_LibriSpeech,train,,asr,,en,,,10808037,10808037,160775074.32,1860d 19h 44m 34s,10.0,20.0,14.876,14.82,2.789,7.046,1,18,38.977,3.0,127.0,,,,True,${oc.env:DATA_FOLDER}/nemo/asr/en/context/Multilingual_LibriSpeech/train.jsonl,/data-server/datasets/audio/nemo/asr/en/context/Multilingual_LibriSpeech/train.jsonl
