dataset_name,split,note,task_type,sub_task,language,source_lang,target_lang,num_audio_segments,num_samples,total_duration_sec,total_duration_dhms,min_segment_duration_sec,max_segment_duration_sec,avg_segment_duration_sec,median_segment_duration_sec,std_segment_duration_sec,avg_instruction_words,min_instruction_words,max_instruction_words,avg_response_words,min_response_words,max_response_words,num_unique_speakers,avg_audio_sampling_rate,avg_audio_channels,file_exists,raw_manifest_path
ACSYNT,train,,asr,,fr,,,3539,3539,28475.39,0d 07h 54m 35s,0.239,32.146,8.046,6.691,5.496,4.964,1,14,25.85,1,116,,,,True,${oc.env:DATA_FOLDER}/nemo/asr/fr/context/ACSYNT/train.jsonl
AcousticDS,train,,other,voice_captioning,en,,,4581,4581,14385.24,0d 03h 59m 45s,0.064,41.045,3.14,2.453,2.452,5.176,1,12,32.957,25,46,,,,True,${oc.env:DATA_FOLDER}/nemo/misc/en/context/MELD/AcousticDS/train.jsonl
AfricanAccentedFrench,train,"with punctuations, max duration is 30s",asr,,fr,,,11470,11470,49344.74,0d 13h 42m 24s,0.5,29.986,4.302,3.81,2.288,4.912,1,14,7.696,1,91,,,,True,${oc.env:DATA_FOLDER}/nemo/asr/fr/context/AfricanAccentedFrench/train_recasepunc_max30.jsonl
CFPB,train,with punctuations,asr,,fr,,,18415,18415,32752.47,0d 09h 05m 52s,0.11,115.469,1.779,1.614,1.395,4.925,1,14,5.745,1,55,,,,True,${oc.env:DATA_FOLDER}/nemo/asr/fr/context/CFPB/train_recasepunc.jsonl
CFPP2000,train,with punctuations,asr,,fr,,,30278,30278,137925.97,1d 14h 18m 45s,0.101,111.892,4.555,1.936,7.447,4.93,1,14,14.949,1,386,,,,True,${oc.env:DATA_FOLDER}/nemo/asr/fr/context/CFPP2000/train_recasepunc.jsonl
CLAPI,train,with punctuations,asr,,fr,,,17799,17799,78880.07,0d 21h 54m 40s,0.1,336.4,4.432,2.81,7.491,4.914,1,14,8.639,1,411,,,,True,${oc.env:DATA_FOLDER}/nemo/asr/fr/context/CLAPI/train_recasepunc.jsonl
CLEAR_v1.0.0_improved,train,,sound,sound_qa,en,,,607543,607543,30559461.73,353d 16h 44m 21s,40.566,57.56,50.3,50.441,2.689,9.801,1,28,16.272,4,56,,,,True,${oc.env:DATA_FOLDER}/nemo/sounds/audio-question-answering/en/context/CLEAR_v1.0.0_improved/train.jsonl
CLEAR_v1.0.0_improved,train,,sound,sound_qa,fr,,,607540,607540,30559308.96,353d 16h 41m 48s,40.566,57.56,50.3,50.441,2.689,11.118,1,53,20.331,3,58,,,,True,${oc.env:DATA_FOLDER}/nemo/sounds/audio-question-answering/fr/context/CLEAR_v1.0.0_improved/train.jsonl
CLEAR_v2.0.0_improved,train,,sound,sound_qa,en,,,104984,104984,1125122.75,13d 00h 32m 02s,4.464,17.813,10.717,10.939,3.112,9.358,1,28,15.659,4,43,,,,True,${oc.env:DATA_FOLDER}/nemo/sounds/audio-question-answering/en/context/CLEAR_v2.0.0_improved/train.jsonl
CLEAR_v2.0.0_improved,train,,sound,sound_qa,fr,,,104984,104984,1125122.75,13d 00h 32m 02s,4.464,17.813,10.717,10.939,3.112,10.458,1,51,19.065,3,52,,,,True,${oc.env:DATA_FOLDER}/nemo/sounds/audio-question-answering/fr/context/CLEAR_v2.0.0_improved/train.jsonl
Clotho,train,,sound,sound_qa,en,,,3801,3801,85479.28,0d 23h 44m 39s,15.0,30.0,22.489,22.515,4.278,10.326,1,62,5.655,1,17,,,,True,${oc.env:DATA_FOLDER}/nemo/sounds/audio-question-answering/en/context/inclusionAI-AudioMCQ/mixed/Clotho/train.jsonl
Clotho,train,,sound,sound_qa,fr,,,28,28,648.1,0d 00h 10m 48s,15.949,29.295,23.146,22.85,3.608,11.196,1,49,8.071,3,16,,,,True,${oc.env:DATA_FOLDER}/nemo/sounds/audio-question-answering/fr/context/inclusionAI-AudioMCQ/mixed/Clotho/train.jsonl
CoVoST,train,,ast,,ar-en,ar,en,373,373,1337.47,0d 00h 22m 17s,1.704,9.792,3.586,3.384,1.051,4.075,1,13,5.807,1,22,,,,True,${oc.env:DATA_FOLDER}/nemo/ast/ar-en/context/CoVoST/train.jsonl
CoVoST,train,,ast,,de-en,de,en,264140,264140,1244317.9,14d 09h 38m 37s,0.552,25.176,4.711,4.416,1.757,3.97,1,13,9.041,1,29,,,,True,${oc.env:DATA_FOLDER}/nemo/ast/de-en/context/CoVoST/train.jsonl
CoVoST,train,,ast,,en-ar,en,ar,429267,429267,2115477.96,24d 11h 37m 57s,0.72,121.8,4.928,4.752,1.774,4.071,1,13,7.85,1,31,,,,True,${oc.env:DATA_FOLDER}/nemo/ast/en-ar/context/CoVoST/train.jsonl
CoVoST,train,,ast,,en-de,en,de,429267,429267,2115477.96,24d 11h 37m 57s,0.72,121.8,4.928,4.752,1.774,3.994,1,13,9.18,1,48,,,,True,${oc.env:DATA_FOLDER}/nemo/ast/en-de/context/CoVoST/train.jsonl
CoVoST,train,,ast,,es-en,es,en,91902,91902,473000.18,5d 11h 23m 20s,1.536,15.648,5.147,5.016,1.544,3.771,1,13,9.432,1,25,,,,True,${oc.env:DATA_FOLDER}/nemo/ast/es-en/context/CoVoST/train.jsonl
CoVoST,train,,ast,,fr-en,fr,en,247231,247231,1135432.37,13d 03h 23m 52s,0.624,13.296,4.593,4.464,1.66,3.887,1,13,8.75,1,39,,,,True,${oc.env:DATA_FOLDER}/nemo/ast/fr-en/context/CoVoST/train.jsonl
CoVoST,train,,ast,,it-en,it,en,42867,42867,217805.11,2d 12h 30m 05s,0.744,14.064,5.081,4.944,1.878,3.712,1,13,10.304,1,61,,,,True,${oc.env:DATA_FOLDER}/nemo/ast/it-en/context/CoVoST/train.jsonl
CoVoST,train,,ast,,pt-en,pt,en,14894,14894,64371.67,0d 17h 52m 51s,1.584,10.464,4.322,4.104,1.422,3.775,1,13,7.627,1,20,,,,True,${oc.env:DATA_FOLDER}/nemo/ast/pt-en/context/CoVoST/train.jsonl
CohereLabs--aya_collection,train,,qa,,fr,,,723,723,3613.8,0d 01h 00m 13s,1.28,29.48,4.998,3.84,3.198,4.5,1,8,77.393,1,1777,,,,True,${oc.env:DATA_FOLDER}/nemo/question-answering/qa_audio-question-only/fr/CohereLabs--aya_collection/train.jsonl
CommonVoice,train,,asr,,ar,,,28531,28531,116735.47,1d 08h 25m 35s,1.44,22.068,4.092,3.708,1.521,4.398,1,13,5.818,1,20,,,,True,${oc.env:DATA_FOLDER}/nemo/asr/ar/context/CommonVoice/train.jsonl
CommonVoice,train,,asr,,de,,,607871,607871,3465757.82,40d 02h 42m 37s,1.044,25.176,5.701,5.58,1.632,4.275,1,13,9.518,1,39,,,,True,${oc.env:DATA_FOLDER}/nemo/asr/de/context/CommonVoice/train.jsonl
CommonVoice,train,,asr,,en,,,1138760,1138760,6474131.68,74d 22h 22m 11s,0.252,49.932,5.685,5.568,1.586,4.482,1,12,10.183,1,40,,,,True,${oc.env:DATA_FOLDER}/nemo/asr/en/context/CommonVoice/train.jsonl
CommonVoice,train,,asr,,es,,,353701,353701,1831348.11,21d 04h 42m 28s,0.252,22.584,5.178,5.076,1.461,4.486,1,13,9.954,1,18,,,,True,${oc.env:DATA_FOLDER}/nemo/asr/es/context/CommonVoice/train.jsonl
CommonVoice,train,,asr,,fr,,,593066,593066,3063005.92,35d 10h 50m 05s,0.696,17.856,5.165,5.04,1.489,4.862,1,13,9.914,1,40,,,,True,${oc.env:DATA_FOLDER}/nemo/asr/fr/context/CommonVoice/train.jsonl
CommonVoice,train,,asr,,it,,,172828,172828,916745.45,10d 14h 39m 05s,0.744,14.064,5.304,5.256,1.61,4.282,1,13,9.886,1,53,,,,True,${oc.env:DATA_FOLDER}/nemo/asr/it/context/CommonVoice/train.jsonl
CommonVoice,train,,asr,,nl,,,43458,43458,194938.9,2d 06h 08m 58s,1.656,10.344,4.486,4.392,1.158,4.655,1,13,9.656,2,14,,,,True,${oc.env:DATA_FOLDER}/nemo/asr/nl/context/CommonVoice/train.jsonl
CommonVoice,train,,asr,,pt,,,22923,22923,94740.41,1d 02h 19m 00s,0.612,15.48,4.133,3.816,1.715,4.527,1,13,6.28,1,15,,,,True,${oc.env:DATA_FOLDER}/nemo/asr/pt/context/CommonVoice/train.jsonl
CommonVoice-age-recognition,train,,other,age_reco,en,,,667207,667207,3729626.67,43d 04h 00m 26s,0.252,21.6,5.59,5.472,1.533,4.763,1,14,8.14,4,14,,,,True,${oc.env:DATA_FOLDER}/nemo/misc/en/context/CommonVoice_spk_attributes_reco/CommonVoice-age-recognition/train.jsonl
CommonVoice-age-recognition,train,,other,age_reco,fr,,,288112,288112,1467754.31,16d 23h 42m 34s,0.696,16.812,5.094,4.992,1.465,5.334,1,14,8.022,4,13,,,,True,${oc.env:DATA_FOLDER}/nemo/misc/fr/context/CommonVoice_spk_attributes_reco/CommonVoice-age-recognition/train.jsonl
CommonVoice-gender-recognition,train,,other,gender_reco,en,,,780521,780521,4420204.55,51d 03h 50m 04s,0.252,49.932,5.663,5.544,1.574,5.526,1,12,6.048,4,12,,,,True,${oc.env:DATA_FOLDER}/nemo/misc/en/context/CommonVoice_spk_attributes_reco/CommonVoice-gender-recognition/train.jsonl
CommonVoice-gender-recognition,train,,other,gender_reco,fr,,,365902,365902,1870665.39,21d 15h 37m 45s,0.696,16.812,5.112,5.016,1.46,5.751,1,14,6.287,4,10,,,,True,${oc.env:DATA_FOLDER}/nemo/misc/fr/context/CommonVoice_spk_attributes_reco/CommonVoice-gender-recognition/train.jsonl
CommonVoiceAR2FR,train,,ast,,ar-fr,ar,fr,28508,28508,116607.89,1d 08h 23m 27s,1.44,22.068,4.09,3.708,1.52,4.224,1,13,9.749,1,89,,,,True,${oc.env:DATA_FOLDER}/nemo/ast/ar-fr/context/CommonVoiceAR2FR/train.jsonl
CommonVoiceDE2FR,train,,ast,,de-fr,de,fr,607530,607530,3463708.03,40d 02h 08m 28s,1.044,25.176,5.701,5.58,1.632,4.052,1,13,11.387,1,67,,,,True,${oc.env:DATA_FOLDER}/nemo/ast/de-fr/context/CommonVoiceDE2FR/train.jsonl
CommonVoiceEN2FR,train,,ast,,en-fr,en,fr,1138760,1138760,6474131.68,74d 22h 22m 11s,0.252,49.932,5.685,5.568,1.586,3.847,1,13,11.77,1,583,,,,True,${oc.env:DATA_FOLDER}/nemo/ast/en-fr/context/CommonVoiceEN2FR/train.jsonl
CommonVoiceES2FR,train,,ast,,es-fr,es,fr,353539,353539,1830439.47,21d 04h 27m 19s,0.252,22.584,5.177,5.076,1.461,3.852,1,13,10.601,1,311,,,,True,${oc.env:DATA_FOLDER}/nemo/ast/es-fr/context/CommonVoiceES2FR/train.jsonl
CommonVoiceFR2AR,train,,ast,,fr-ar,fr,ar,116027,116027,598360.01,6d 22h 12m 40s,0.744,13.5,5.157,5.04,1.489,4.192,1,13,7.82,1,771,,,,True,${oc.env:DATA_FOLDER}/nemo/ast/fr-ar/context/CommonVoiceFR2AR/train.jsonl
CommonVoiceFR2DE,train,,ast,,fr-de,fr,de,592511,592511,3059878.11,35d 09h 57m 58s,0.696,17.856,5.164,5.04,1.489,4.114,1,13,9.357,1,127,,,,True,${oc.env:DATA_FOLDER}/nemo/ast/fr-de/context/CommonVoiceFR2DE/train.jsonl
CommonVoiceFR2EN,train,,ast,,fr-en,fr,en,593033,593033,3062824.89,35d 10h 47m 04s,0.696,17.856,5.165,5.04,1.489,3.891,1,13,9.742,1,390,,,,True,${oc.env:DATA_FOLDER}/nemo/ast/fr-en/context/CommonVoiceFR2EN/train.jsonl
CommonVoiceFR2ES,train,,ast,,fr-es,fr,es,592951,592951,3062382.98,35d 10h 39m 42s,0.696,17.856,5.165,5.04,1.489,3.893,1,13,9.937,1,51,,,,True,${oc.env:DATA_FOLDER}/nemo/ast/fr-es/context/CommonVoiceFR2ES/train.jsonl
CommonVoiceFR2IT,train,,ast,,fr-it,fr,it,592957,592957,3062445.78,35d 10h 40m 45s,0.696,17.856,5.165,5.04,1.489,3.831,1,13,9.335,1,59,,,,True,${oc.env:DATA_FOLDER}/nemo/ast/fr-it/context/CommonVoiceFR2IT/train.jsonl
CommonVoiceFR2NL,train,,ast,,fr-nl,fr,nl,592709,592709,3060997.8,35d 10h 16m 37s,0.696,17.856,5.164,5.04,1.489,4.052,1,13,9.952,1,78,,,,True,${oc.env:DATA_FOLDER}/nemo/ast/fr-nl/context/CommonVoiceFR2NL/train.jsonl
CommonVoiceFR2PT,train,,ast,,fr-pt,fr,pt,592952,592952,3062392.6,35d 10h 39m 52s,0.696,17.856,5.165,5.04,1.489,3.955,1,13,9.618,1,257,,,,True,${oc.env:DATA_FOLDER}/nemo/ast/fr-pt/context/CommonVoiceFR2PT/train.jsonl
CommonVoiceIT2FR,train,,ast,,it-fr,it,fr,109725,109725,582455.06,6d 17h 47m 35s,0.744,14.064,5.308,5.256,1.612,3.894,1,13,10.888,1,133,,,,True,${oc.env:DATA_FOLDER}/nemo/ast/it-fr/context/CommonVoiceIT2FR/train.jsonl
CommonVoiceNL2FR,train,,ast,,nl-fr,nl,fr,43448,43448,194889.83,2d 06h 08m 09s,1.656,10.344,4.486,4.392,1.158,3.957,1,13,10.151,1,326,,,,True,${oc.env:DATA_FOLDER}/nemo/ast/nl-fr/context/CommonVoiceNL2FR/train.jsonl
CommonVoicePT2FR,train,,ast,,pt-fr,pt,fr,22917,22917,94716.22,1d 02h 18m 36s,0.612,15.48,4.133,3.816,1.715,3.856,1,13,6.74,1,84,,,,True,${oc.env:DATA_FOLDER}/nemo/ast/pt-fr/context/CommonVoicePT2FR/train.jsonl
CompA-R,train,,sound,sound_qa,en,,,197218,197218,1950008.1,22d 13h 40m 08s,0.473,10.011,9.888,10.0,0.604,11.884,1,81,5.54,1,19,,,,True,${oc.env:DATA_FOLDER}/nemo/sounds/audio-question-answering/en/context/inclusionAI-AudioMCQ/mixed/CompA-R/train.jsonl
CompA-R,train,,sound,sound_qa,fr,,,3711,3711,36684.58,0d 10h 11m 24s,2.014,10.01,9.885,10.0,0.584,14.349,1,74,6.71,2,21,,,,True,${oc.env:DATA_FOLDER}/nemo/sounds/audio-question-answering/fr/context/inclusionAI-AudioMCQ/mixed/CompA-R/train.jsonl
ComparIA,train,,qa,,fr,,,12900,12900,77388.81,0d 21h 29m 48s,0.06,40.0,5.999,4.96,3.869,4.5,1,8,329.539,0,4490,,,,True,${oc.env:DATA_FOLDER}/nemo/question-answering/qa_audio-question-only/fr/ComparIA/train.jsonl
ESLO,train,with punctuations,asr,,fr,,,454574,454574,980804.36,11d 08h 26m 44s,0.1,21.77,2.158,1.568,2.063,4.923,1,14,7.214,1,82,,,,True,${oc.env:DATA_FOLDER}/nemo/asr/fr/context/ESLO/train_recasepunc.jsonl
EmotionDS,train,,other,emotion_reco,en,,,9988,9988,31383.53,0d 08h 43m 03s,0.064,41.045,3.142,2.475,2.429,4.977,1,11,4.233,3,6,,,,True,${oc.env:DATA_FOLDER}/nemo/misc/en/context/MELD/EmotionDS/train.jsonl
EmotionDS,train,,other,emotion_reco,fr,,,9988,9988,31383.53,0d 08h 43m 03s,0.064,41.045,3.142,2.475,2.429,5.025,1,11,4.418,3,7,,,,True,${oc.env:DATA_FOLDER}/nemo/misc/fr/context/MELD/EmotionDS/train.jsonl
FLEURS,train,,asr,,ar,,,2104,2104,21778.07,0d 06h 02m 58s,0.319,37.02,10.351,9.84,3.75,4.408,1,13,18.148,5,55,,,,True,${oc.env:DATA_FOLDER}/nemo/asr/ar/context/FLEURS/train.jsonl
FLEURS,train,,asr,,de,,,2973,2973,32283.24,0d 08h 58m 03s,3.24,26.76,10.859,10.44,3.213,4.272,1,13,20.692,5,55,,,,True,${oc.env:DATA_FOLDER}/nemo/asr/de/context/FLEURS/train.jsonl
FLEURS,train,,asr,,en,,,2602,2602,26966.9,0d 07h 29m 26s,3.18,42.36,10.364,9.78,3.672,4.471,1,12,21.071,6,60,,,,True,${oc.env:DATA_FOLDER}/nemo/asr/en/context/FLEURS/train.jsonl
FLEURS,train,,asr,,es,,,2796,2796,31699.92,0d 08h 48m 19s,3.42,29.22,11.338,10.92,3.528,4.504,1,13,24.727,6,61,,,,True,${oc.env:DATA_FOLDER}/nemo/asr/es/context/FLEURS/train.jsonl
FLEURS,train,,asr,,fr,,,3193,3193,37162.62,0d 10h 19m 22s,3.84,29.4,11.639,11.22,3.333,4.883,1,13,24.091,5,64,,,,True,${oc.env:DATA_FOLDER}/nemo/asr/fr/context/FLEURS/train.jsonl
FLEURS,train,,asr,,it,,,3028,3028,32369.82,0d 08h 59m 29s,1.74,34.2,10.69,10.32,3.466,4.27,1,13,22.707,3,58,,,,True,${oc.env:DATA_FOLDER}/nemo/asr/it/context/FLEURS/train.jsonl
FLEURS,train,,asr,,nl,,,2918,2918,27579.66,0d 07h 39m 39s,2.52,23.64,9.452,9.0,3.096,4.649,1,13,21.692,5,59,,,,True,${oc.env:DATA_FOLDER}/nemo/asr/nl/context/FLEURS/train.jsonl
FLEURS,train,,asr,,pt,,,2790,2790,36608.82,0d 10h 10m 08s,3.9,37.62,13.121,12.48,4.355,4.513,1,13,22.109,5,57,,,,True,${oc.env:DATA_FOLDER}/nemo/asr/pt/context/FLEURS/train.jsonl
FMA_GenreQA,train,,music,music_qa,en,,,6308,6308,181833.44,2d 02h 30m 33s,0.42,40.0,28.826,30.02,4.489,4.877,1,18,8.718,4,23,,,,True,${oc.env:DATA_FOLDER}/nemo/music/music-question-answering/en/FMA_GenreQA/train.jsonl
FMA_GenreQA,train,,music,music_qa,fr,,,6308,6308,181833.44,2d 02h 30m 33s,0.42,40.0,28.826,30.02,4.489,5.456,1,20,10.974,5,38,,,,True,${oc.env:DATA_FOLDER}/nemo/music/music-question-answering/fr/FMA_GenreQA/train.jsonl
JamendoMaxCaps,tmp,,music,music_captioning,en,,,360740,360740,10400410.46,120d 09h 00m 10s,10.0,30.0,28.831,30.0,3.795,4.659,1,18,61.404,1,191,,,,True,${oc.env:DATA_FOLDER}/nemo/music/music-captioning/en/context/JamendoMaxCaps/tmp.jsonl
JamendoMaxCaps,train,,music,music_captioning,en,,,360764,360764,10375005.32,120d 01h 56m 45s,10.0,30.0,28.758,30.0,3.881,4.659,1,18,61.338,1,245,,,,True,${oc.env:DATA_FOLDER}/nemo/music/music-captioning/en/context/JamendoMaxCaps/train.jsonl
JamendoMaxCaps,train,,music,music_captioning,fr,,,360733,360733,10374150.24,120d 01h 42m 30s,10.0,30.0,28.759,30.0,3.881,4.779,1,23,72.242,5,500,,,,True,${oc.env:DATA_FOLDER}/nemo/music/music-captioning/fr/context/JamendoMaxCaps/train.jsonl
LINAGORA_Meetings,train,,asr,,fr,,,6197,6197,37240.78,0d 10h 20m 40s,0.1,519.919,6.009,2.871,14.653,4.948,1,14,16.109,1,1417,,,,True,${oc.env:DATA_FOLDER}/nemo/asr/fr/context/LINAGORA_Meetings/train.jsonl
LP-MusicCaps-MTT,train,,music,music_qa,en,,,15560,15560,453169.44,5d 05h 52m 49s,29.124,29.124,29.124,29.124,0.0,9.361,1,62,5.577,1,15,,,,True,${oc.env:DATA_FOLDER}/nemo/sounds/audio-question-answering/en/context/inclusionAI-AudioMCQ/mixed/LP-MusicCaps-MTT/train.jsonl
LP-MusicCaps-MTT,train,,music,music_qa,fr,,,194,194,5650.06,0d 01h 34m 10s,29.124,29.124,29.124,29.124,0.0,12.106,1,68,7.015,2,16,,,,True,${oc.env:DATA_FOLDER}/nemo/sounds/audio-question-answering/fr/context/inclusionAI-AudioMCQ/mixed/LP-MusicCaps-MTT/train.jsonl
LVL-Atril-CTFAR,train,,asr,,fr,,,58210,58210,298622.72,3d 10h 57m 02s,0.111,30.0,5.13,2.53,6.237,4.915,1,14,15.53,1,341,,,,True,${oc.env:DATA_FOLDER}/nemo/asr/fr/context/LVL-Atril-CTFAR/train.jsonl
LVL-Atril-CTFNN1,train,,asr,,fr,,,69780,69780,151226.98,1d 18h 00m 26s,0.1,9.279,2.167,1.949,1.39,4.924,1,14,6.197,1,24,,,,True,${oc.env:DATA_FOLDER}/nemo/asr/fr/context/LVL-Atril-CTFNN1/train.jsonl
LesVocaux,train,with punctuations,asr,,fr,,,744,744,36945.55,0d 10h 15m 45s,1.31,788.64,49.658,27.4,83.25,4.876,1,14,160.414,1,2226,,,,True,${oc.env:DATA_FOLDER}/nemo/asr/fr/context/LesVocaux/train_recasepunc.jsonl
Menlo--instruction-speech-encodec-v1.5,train,,qa,,en,,,332367,332367,2441473.38,28d 06h 11m 13s,0.013,28.747,7.346,7.507,3.483,4.5,1,8,299.255,1,3220,,,,True,${oc.env:DATA_FOLDER}/nemo/question-answering/qa_audio-question-only/en/Menlo--instruction-speech-encodec-v1.5/train.jsonl
MiscMultiTurn,train,,task_switching,,mixed,,,100000,100000,1540844.68,17d 20h 00m 44s,0.06,111.89,15.408,9.347,13.991,5.222,1,408,37.073,0,3220,,,,True,${oc.env:DATA_FOLDER}/nemo/misc/multilang/context/MiscMultiTurn/train.jsonl
Multilingual_LibriSpeech,train,,asr,,de,,,469942,469942,7079430.82,81d 22h 30m 30s,10.0,20.0,15.064,15.01,2.902,6.636,1,21,28.742,3,96,,,,True,${oc.env:DATA_FOLDER}/nemo/asr/de/context/Multilingual_LibriSpeech/train.jsonl
Multilingual_LibriSpeech,train,,asr,,en,,,10808037,10808037,160775074.32,1860d 19h 44m 34s,10.0,20.0,14.876,14.82,2.789,7.046,1,18,38.977,3,127,,,,True,${oc.env:DATA_FOLDER}/nemo/asr/en/context/Multilingual_LibriSpeech/train.jsonl
Multilingual_LibriSpeech,train,,asr,,en,,,10808037,10808037,160775074.32,1860d 19h 44m 34s,10.0,20.0,14.876,14.82,2.789,7.046,1,18,38.977,3,127,,,,True,${oc.env:DATA_FOLDER}/nemo/asr/en/context/Multilingual_LibriSpeech/train_subsampled.jsonl
Multilingual_LibriSpeech,train,,asr,,es,,,220701,220701,3303662.97,38d 05h 41m 02s,10.0,20.0,14.969,14.89,2.865,7.05,1,21,36.464,3,111,,,,True,${oc.env:DATA_FOLDER}/nemo/asr/es/context/Multilingual_LibriSpeech/train.jsonl
Multilingual_LibriSpeech,train,,asr,,fr,,,258213,258213,3875689.87,44d 20h 34m 49s,10.0,20.0,15.01,14.95,2.887,7.417,1,22,36.729,3,110,,,,True,${oc.env:DATA_FOLDER}/nemo/asr/fr/context/Multilingual_LibriSpeech/train.jsonl
Multilingual_LibriSpeech,train,,asr,,it,,,59623,59623,890560.45,10d 07h 22m 40s,10.0,20.0,14.937,14.87,2.819,6.846,1,21,33.309,3,72,,,,True,${oc.env:DATA_FOLDER}/nemo/asr/it/context/Multilingual_LibriSpeech/train.jsonl
Multilingual_LibriSpeech,train,,asr,,nl,,,374287,374287,5595278.6,64d 18h 14m 38s,10.0,20.0,14.949,14.88,2.855,7.294,1,21,31.254,3,90,,,,True,${oc.env:DATA_FOLDER}/nemo/asr/nl/context/Multilingual_LibriSpeech/train.jsonl
Multilingual_LibriSpeech,train,,asr,,pt,,,37533,37533,579467.51,6d 16h 57m 47s,10.0,20.0,15.439,15.38,3.097,7.106,1,21,33.602,3,71,,,,True,${oc.env:DATA_FOLDER}/nemo/asr/pt/context/Multilingual_LibriSpeech/train.jsonl
Multilingual_TEDx,train,,asr,,ar,,,11821,11821,58023.66,0d 16h 07m 03s,0.03,860.01,4.909,2.4,14.244,4.389,1,13,9.747,0,1410,,,,True,${oc.env:DATA_FOLDER}/nemo/asr/ar/context/Multilingual_TEDx/train.jsonl
Multilingual_TEDx,train,,asr,,de,,,6764,6764,37013.84,0d 10h 16m 53s,0.03,209.45,5.472,4.13,5.4,4.265,1,13,14.023,0,149,,,,True,${oc.env:DATA_FOLDER}/nemo/asr/de/context/Multilingual_TEDx/train.jsonl
Multilingual_TEDx,train,,asr,,es,,,102171,102171,640043.05,7d 09h 47m 23s,0.03,1347.41,6.264,4.59,10.482,4.489,1,13,16.398,0,523,,,,True,${oc.env:DATA_FOLDER}/nemo/asr/es/context/Multilingual_TEDx/train.jsonl
Multilingual_TEDx,train,,asr,,fr,,,116045,116045,632985.62,7d 07h 49m 45s,0.03,401.7,5.455,4.11,5.924,4.859,1,13,15.83,0,277,,,,True,${oc.env:DATA_FOLDER}/nemo/asr/fr/context/Multilingual_TEDx/train.jsonl
Multilingual_TEDx,train,,asr,,it,,,49964,49964,362539.07,4d 04h 42m 19s,0.03,1077.35,7.256,5.54,10.259,4.283,1,13,17.651,0,226,,,,True,${oc.env:DATA_FOLDER}/nemo/asr/it/context/Multilingual_TEDx/train.jsonl
Multilingual_TEDx,train,,asr,,pt,,,90244,90244,550062.06,6d 08h 47m 42s,0.03,882.0,6.095,4.45,7.451,4.528,1,13,15.87,0,698,,,,True,${oc.env:DATA_FOLDER}/nemo/asr/pt/context/Multilingual_TEDx/train.jsonl
Multilingual_TEDx,train,,ast,,es-en,es,en,36263,36263,231743.87,2d 16h 22m 23s,0.03,917.82,6.391,4.75,9.109,3.771,1,13,15.881,0,421,,,,True,${oc.env:DATA_FOLDER}/nemo/ast/es-en/context/Multilingual_TEDx/train.jsonl
Multilingual_TEDx,train,,ast,,es-fr,es,fr,3663,3663,22834.79,0d 06h 20m 34s,0.09,49.29,6.234,4.81,5.408,3.852,1,13,17.017,0,129,,,,True,${oc.env:DATA_FOLDER}/nemo/ast/es-fr/context/Multilingual_TEDx/train.jsonl
Multilingual_TEDx,train,,ast,,es-it,es,it,5600,5600,35710.81,0d 09h 55m 10s,0.03,351.65,6.377,4.6,7.648,3.719,1,13,15.113,0,115,,,,True,${oc.env:DATA_FOLDER}/nemo/ast/es-it/context/Multilingual_TEDx/train.jsonl
Multilingual_TEDx,train,,ast,,es-pt,es,pt,21107,21107,134115.84,1d 13h 15m 15s,0.03,441.99,6.354,4.86,7.237,3.79,1,13,15.486,0,121,,,,True,${oc.env:DATA_FOLDER}/nemo/ast/es-pt/context/Multilingual_TEDx/train.jsonl
Multilingual_TEDx,train,,ast,,fr-en,fr,en,30171,30171,162285.84,1d 21h 04m 45s,0.03,388.51,5.379,4.06,5.627,3.89,1,13,14.654,0,138,,,,True,${oc.env:DATA_FOLDER}/nemo/ast/fr-en/context/Multilingual_TEDx/train.jsonl
Multilingual_TEDx,train,,ast,,fr-es,fr,es,20826,20826,117013.75,1d 08h 30m 13s,0.03,401.7,5.619,4.21,6.578,3.889,1,13,14.178,0,156,,,,True,${oc.env:DATA_FOLDER}/nemo/ast/fr-es/context/Multilingual_TEDx/train.jsonl
Multilingual_TEDx,train,,ast,,fr-pt,fr,pt,13286,13286,72118.74,0d 20h 01m 58s,0.03,302.66,5.428,4.12,5.793,3.956,1,13,13.748,0,146,,,,True,${oc.env:DATA_FOLDER}/nemo/ast/fr-pt/context/Multilingual_TEDx/train.jsonl
Multilingual_TEDx,train,,ast,,it-en,it,en,24576,24576,171598.04,1d 23h 39m 58s,0.03,1037.85,6.982,5.42,9.047,3.711,1,13,17.01,0,130,,,,True,${oc.env:DATA_FOLDER}/nemo/ast/it-en/context/Multilingual_TEDx/train.jsonl
Multilingual_TEDx,train,,ast,,it-es,it,es,2261,2261,17081.55,0d 04h 44m 41s,0.03,47.2,7.555,5.79,6.296,3.816,1,13,18.834,0,130,,,,True,${oc.env:DATA_FOLDER}/nemo/ast/it-es/context/Multilingual_TEDx/train.jsonl
Multilingual_TEDx,train,,ast,,pt-en,pt,en,30855,30855,190761.28,2d 04h 59m 21s,0.03,882.0,6.183,4.51,9.385,3.771,1,13,15.294,0,140,,,,True,${oc.env:DATA_FOLDER}/nemo/ast/pt-en/context/Multilingual_TEDx/train.jsonl
Multilingual_TEDx,train,,ast,,pt-es,pt,es,11499,11499,74171.58,0d 20h 36m 11s,0.06,882.0,6.45,4.7,10.761,3.774,1,13,15.466,0,136,,,,True,${oc.env:DATA_FOLDER}/nemo/ast/pt-es/context/Multilingual_TEDx/train.jsonl
MusicCaps,train,,music,music_captioning,en,,,2580,2580,25806.46,0d 07h 10m 06s,9.613,10.008,10.003,10.0,0.01,4.892,1,18,46.872,4,136,,,,True,${oc.env:DATA_FOLDER}/nemo/music/music-captioning/en/context/MusicCaps/train.jsonl
MusicCaps,train,,music,music_captioning,fr,,,2580,2580,25806.46,0d 07h 10m 06s,9.613,10.008,10.003,10.0,0.01,5.267,1,23,53.407,5,144,,,,True,${oc.env:DATA_FOLDER}/nemo/music/music-captioning/fr/context/MusicCaps/train.jsonl
MusicCaps,train,,music,music_qa,en,,,2565,2565,25656.24,0d 07h 07m 36s,9.613,10.008,10.002,10.0,0.01,9.963,1,69,5.843,1,16,,,,True,${oc.env:DATA_FOLDER}/nemo/sounds/audio-question-answering/en/context/inclusionAI-AudioMCQ/mixed/MusicCaps/train.jsonl
MusicCaps,train,,music,music_qa,en,,,2580,2580,25806.46,0d 07h 10m 06s,9.613,10.008,10.003,10.0,0.01,5.643,1,23,13.676,4,39,,,,True,${oc.env:DATA_FOLDER}/nemo/music/music-question-answering/en/MusicCaps/train.jsonl
MusicCaps,train,,music,music_qa,fr,,,41,41,410.12,0d 00h 06m 50s,10.0,10.008,10.003,10.0,0.004,12.317,1,59,6.854,2,13,,,,True,${oc.env:DATA_FOLDER}/nemo/sounds/audio-question-answering/fr/context/inclusionAI-AudioMCQ/mixed/MusicCaps/train.jsonl
MusicCaps,train,,music,music_qa,fr,,,2580,2580,25806.46,0d 07h 10m 06s,9.613,10.008,10.003,10.0,0.01,5.859,1,26,14.803,3,47,,,,True,${oc.env:DATA_FOLDER}/nemo/music/music-question-answering/fr/MusicCaps/train.jsonl
MusicQA,MTG.Evaluation,,music,music_qa,en,,,560,560,134961.43,1d 13h 29m 21s,35.161,751.752,241.003,223.987,103.109,4.377,1,23,28.425,1,115,,,,True,${oc.env:DATA_FOLDER}/nemo/music/music-question-answering/en/MusicQA/MTG.Evaluation.jsonl
MusicQA,MusicCaps.Pretraining,,music,music_qa,en,,,4763,4763,47594.86,0d 13h 13m 14s,6.973,10.008,9.993,9.993,0.045,4.375,1,26,20.997,1,128,,,,True,${oc.env:DATA_FOLDER}/nemo/music/music-question-answering/en/MusicQA/MusicCaps.Pretraining.jsonl
MusicQA,MTT.Finetuning,,music,music_qa,en,,,7779,7779,226555.6,2d 14h 55m 55s,29.124,29.124,29.124,29.124,0.0,4.116,1,28,17.763,1,125,,,,True,${oc.env:DATA_FOLDER}/nemo/music/music-question-answering/en/MusicQA/MTT.Finetuning.jsonl
MusicQA,MTG.Evaluation,,music,music_qa,fr,,,560,560,134961.43,1d 13h 29m 21s,35.161,751.752,241.003,223.987,103.109,5.017,1,30,32.398,1,116,,,,True,${oc.env:DATA_FOLDER}/nemo/music/music-question-answering/fr/MusicQA/MTG.Evaluation.jsonl
MusicQA,MusicCaps.Pretraining,,music,music_qa,fr,,,4763,4763,47594.86,0d 13h 13m 14s,6.973,10.008,9.993,9.993,0.045,4.787,1,35,23.647,1,140,,,,True,${oc.env:DATA_FOLDER}/nemo/music/music-question-answering/fr/MusicQA/MusicCaps.Pretraining.jsonl
MusicQA,MTT.Finetuning,,music,music_qa,fr,,,7779,7779,226555.6,2d 14h 55m 55s,29.124,29.124,29.124,29.124,0.0,4.516,1,37,19.649,1,152,,,,True,${oc.env:DATA_FOLDER}/nemo/music/music-question-answering/fr/MusicQA/MTT.Finetuning.jsonl
OreauFR_02,train,,other,emotion_reco,fr,,,434,434,1206.31,0d 00h 20m 06s,1.04,6.78,2.78,2.6,0.807,4.664,1,11,5.396,4,9,,,,True,${oc.env:DATA_FOLDER}/nemo/misc/fr/context/OreauFR_02/train.jsonl
PFC,train,,asr,,fr,,,67374,67374,224119.3,2d 14h 15m 19s,0.18,37.299,3.326,2.864,1.946,4.93,1,14,7.812,1,90,,,,True,${oc.env:DATA_FOLDER}/nemo/asr/fr/context/PFC/train.jsonl
PxSLU,train,with punctuations,asr,,fr,,,1955,1955,15159.52,0d 04h 12m 39s,0.36,29.952,7.754,6.8,5.165,4.923,1,14,11.593,1,48,,,,True,${oc.env:DATA_FOLDER}/nemo/asr/fr/context/PxSLU/train_recasepunc.jsonl
SimSamu,train,,asr,,fr,,,3089,3089,9411.99,0d 02h 36m 51s,0.16,19.72,3.047,2.06,2.869,4.922,1,14,11.454,1,87,,,,True,${oc.env:DATA_FOLDER}/nemo/asr/fr/context/SimSamu/train.jsonl
SpeechCraft,train,,other,voice_captioning,en,,,21683,21683,169385.23,1d 23h 03m 05s,3.0,29.76,7.812,6.56,4.383,8.825,1,64,5.349,1,16,,,,True,${oc.env:DATA_FOLDER}/nemo/sounds/audio-question-answering/en/context/inclusionAI-AudioMCQ/mixed/SpeechCraft/train.jsonl
TACOS,train,,sound,sound_qa,en,,,33320,33320,741073.87,8d 13h 51m 13s,15.0,30.0,22.241,22.173,4.343,8.017,1,71,2.61,1,39,,,,True,${oc.env:DATA_FOLDER}/nemo/sounds/audio-question-answering/en/context/inclusionAI-AudioMCQ/mixed/TACOS/train.jsonl
TACOS,train,,sound,sound_qa,fr,,,1186,1186,26436.91,0d 07h 20m 36s,15.0,30.0,22.291,22.305,4.301,8.968,1,73,3.293,1,21,,,,True,${oc.env:DATA_FOLDER}/nemo/sounds/audio-question-answering/fr/context/inclusionAI-AudioMCQ/mixed/TACOS/train.jsonl
TCOF_Adultes,train,with punctuations,asr,,fr,,,79682,79682,202306.42,2d 08h 11m 46s,0.1,76.896,2.539,1.937,2.339,4.924,1,14,8.479,1,132,,,,True,${oc.env:DATA_FOLDER}/nemo/asr/fr/context/TCOF_Adultes/train_recasepunc.jsonl
TCOF_Enfants,train,with punctuations,asr,,fr,,,73055,73055,185530.35,2d 03h 32m 10s,0.1,111.007,2.54,2.032,2.013,5.921,1,14,5.426,1,60,,,,True,${oc.env:DATA_FOLDER}/nemo/asr/fr/context/TCOF_Enfants/train_recasepunc.jsonl
Vigogne--Alpaca,train,,qa,,fr,,,49657,49657,287025.11,3d 07h 43m 45s,0.14,40.71,5.78,5.04,3.1,4.5,1,8,52.391,1,582,,,,True,${oc.env:DATA_FOLDER}/nemo/question-answering/qa_audio-question-only/fr/Vigogne--Alpaca/train.jsonl
VoxForge,train,with punctuations,asr,,fr,,,22429,22429,133855.53,1d 13h 10m 55s,0.75,27.125,5.968,5.803,1.352,4.916,1,14,11.141,5,15,,,,True,${oc.env:DATA_FOLDER}/nemo/asr/fr/context/VoxForge/train_recasepunc.jsonl
VoxLingua_lang_identification,train,,other,language_reco,en,,,13500,13500,130637.49,1d 12h 17m 17s,1.98,19.99,9.677,8.72,4.621,4.467,1,12,5.935,4,9,,,,True,${oc.env:DATA_FOLDER}/nemo/misc/en/context/VoxLingua_lang_identification/train.jsonl
VoxLingua_lang_identification,train,,other,language_reco,fr,,,13500,13500,131513.05,1d 12h 31m 53s,1.6,20.0,9.742,8.79,4.636,4.546,1,14,5.72,3,10,,,,True,${oc.env:DATA_FOLDER}/nemo/misc/fr/context/VoxLingua_lang_identification/train.jsonl
VoxPopuli,train,,asr,,de,,,108473,108473,952757.87,11d 00h 39m 17s,0.52,198.23,8.783,7.36,6.017,4.293,1,13,20.812,1,508,,,,True,${oc.env:DATA_FOLDER}/nemo/asr/de/context/VoxPopuli/train.jsonl
VoxPopuli,train,,asr,,en,,,182482,182482,1881440.28,21d 18h 37m 20s,0.52,228.82,10.31,9.06,6.3,4.496,1,12,25.972,1,501,,,,True,${oc.env:DATA_FOLDER}/nemo/asr/en/context/VoxPopuli/train.jsonl
VoxPopuli,train,,asr,,es,,,50922,50922,546964.98,6d 07h 56m 04s,0.52,115.06,10.741,9.44,6.433,4.505,1,13,28.873,1,241,,,,True,${oc.env:DATA_FOLDER}/nemo/asr/es/context/VoxPopuli/train.jsonl
VoxPopuli,train,,asr,,fr,,,73561,73561,740553.73,8d 13h 42m 33s,0.52,91.06,10.067,8.82,6.042,4.921,1,14,27.316,1,278,,,,True,${oc.env:DATA_FOLDER}/nemo/asr/fr/context/VoxPopuli/train.jsonl
VoxPopuli,train,,asr,,it,,,22576,22576,281052.22,3d 06h 04m 12s,0.52,134.7,12.449,11.205,7.158,4.293,1,13,30.146,1,410,,,,True,${oc.env:DATA_FOLDER}/nemo/asr/it/context/VoxPopuli/train.jsonl
VoxPopuli,train,,asr,,nl,,,20968,20968,166872.96,1d 22h 21m 12s,0.52,50.28,7.958,6.88,5.022,4.648,1,13,20.916,1,122,,,,True,${oc.env:DATA_FOLDER}/nemo/asr/nl/context/VoxPopuli/train.jsonl
VoxPopuli-QA,train,,qa,,en,,,568007,568007,16343486.75,189d 03h 51m 26s,14.95,30.0,28.773,30.0,3.362,6.732,1,36,16.532,1,86,,,,True,${oc.env:DATA_FOLDER}/nemo/question-answering/qa_audio-context-text-question/en/VoxPopuli-QA/train.jsonl
VoxPopuli-QA,train,,qa,,fr,,,568923,568923,16336397.38,189d 01h 53m 17s,14.95,30.0,28.715,30.0,3.425,7.023,1,41,16.211,1,82,,,,True,${oc.env:DATA_FOLDER}/nemo/question-answering/qa_audio-context-text-question/fr/VoxPopuli-QA/train.jsonl
Yodas,train,,asr,,en,,,7984260,7984260,70010483.86,810d 07h 21m 23s,0.16,39.98,8.769,5.08,9.608,4.499,1,12,23.109,1,236,,,,True,${oc.env:DATA_FOLDER}/nemo/asr/en/context/Yodas/train.jsonl
Yodas,train,,asr,,en,,,7984260,7984260,70010483.86,810d 07h 21m 23s,0.16,39.98,8.769,5.08,9.608,4.499,1,12,23.109,1,236,,,,True,${oc.env:DATA_FOLDER}/nemo/asr/en/context/Yodas/train_subsampled.jsonl
Yodas,train,,asr,,fr,,,332707,332707,8543968.03,98d 21h 19m 28s,0.1,30.0,25.68,27.45,5.632,4.899,1,14,71.33,1,339,,,,True,${oc.env:DATA_FOLDER}/nemo/asr/fr/context/Yodas/train.jsonl
YouTubeFr,train,,asr,,fr,,,166101,166101,2035660.08,23d 13h 27m 40s,0.1,30.0,12.256,8.454,10.167,4.899,1,14,39.182,1,236,,,,True,${oc.env:DATA_FOLDER}/nemo/asr/fr/context/YouTubeFr/train_split6.jsonl
YouTubeFr,train,,asr,,fr,,,209632,209632,2573859.79,29d 18h 57m 39s,0.1,30.0,12.278,8.54,10.068,4.901,1,14,38.971,1,424,,,,True,${oc.env:DATA_FOLDER}/nemo/asr/fr/context/YouTubeFr/train_split5.jsonl
YouTubeFr,train,,asr,,fr,,,224726,224726,2774675.41,32d 02h 44m 35s,0.1,30.0,12.347,8.654,10.14,4.901,1,14,39.412,1,349,,,,True,${oc.env:DATA_FOLDER}/nemo/asr/fr/context/YouTubeFr/train_split4.jsonl
YouTubeFr,train,,asr,,fr,,,232449,232449,2808093.06,32d 12h 01m 33s,0.1,30.0,12.08,8.312,10.069,4.903,1,14,38.5,1,361,,,,True,${oc.env:DATA_FOLDER}/nemo/asr/fr/context/YouTubeFr/train_split3.jsonl
YouTubeFr,train,,asr,,fr,,,233087,233087,2970736.15,34d 09h 12m 16s,0.1,30.0,12.745,9.088,10.325,4.899,1,14,40.807,1,377,,,,True,${oc.env:DATA_FOLDER}/nemo/asr/fr/context/YouTubeFr/train_split1.jsonl
YouTubeFr,train,,asr,,fr,,,233282,233282,2885193.0,33d 09h 26m 33s,0.1,30.0,12.368,8.673,10.097,4.905,1,14,39.34,1,351,,,,True,${oc.env:DATA_FOLDER}/nemo/asr/fr/context/YouTubeFr/train_split2.jsonl
YouTubeFr,train,,asr,,fr,,,233522,233522,2852867.18,33d 00h 27m 47s,0.1,30.0,12.217,8.465,10.098,4.894,1,14,38.954,1,374,,,,True,${oc.env:DATA_FOLDER}/nemo/asr/fr/context/YouTubeFr/train_split0.jsonl
ami,train,,qa,summarization,en,,,786,786,251523.92,2d 21h 52m 03s,16.05,895.78,320.005,287.76,220.237,4.072,1,9,29.989,3,210,,,,True,${oc.env:DATA_FOLDER}/nemo/summary/en/ami/train.jsonl
amuvarma--10k-filtered-tune-audio-text_answer,train,,qa,,en,,,9000,9000,46817.79,0d 13h 00m 17s,1.01,361.175,5.202,4.214,6.64,4.5,1,8,67.326,3,348,,,,True,${oc.env:DATA_FOLDER}/nemo/question-answering/qa_audio-question-only/en/amuvarma--10k-filtered-tune-audio-text_answer/train.jsonl
answer_with_source,train,,other,information_extraction,en,,,41337,41337,1649668.58,19d 02h 14m 28s,3.066,40.0,39.908,40.0,1.351,14.85,1,158,39.839,7,181,,,,True,${oc.env:DATA_FOLDER}/nemo/misc/en/context/slue-phase-2-sqa5/answer_with_source/train.jsonl
answer_with_source,train,,other,temporal,en,,,41337,41337,1649668.58,19d 02h 14m 28s,3.066,40.0,39.908,40.0,1.351,14.854,1,165,28.427,1,170,,,,True,${oc.env:DATA_FOLDER}/nemo/temporal/en/slue-phase-2-sqa5/answer_with_source/train.jsonl
answer_with_time,train,,other,information_extraction,en,,,41337,41337,1649668.58,19d 02h 14m 28s,3.066,40.0,39.908,40.0,1.351,12.857,1,154,7.455,4,116,,,,True,${oc.env:DATA_FOLDER}/nemo/misc/en/context/slue-phase-2-sqa5/answer_with_time/train.jsonl
answer_with_time,train,,other,temporal,en,,,41337,41337,1649668.58,19d 02h 14m 28s,3.066,40.0,39.908,40.0,1.351,12.852,1,153,1.48,1,110,,,,True,${oc.env:DATA_FOLDER}/nemo/temporal/en/slue-phase-2-sqa5/answer_with_time/train.jsonl
chat,train,,other,diarization,mixed,,,200000,200000,1447363.7,16d 18h 02m 43s,3.96,133.632,7.237,5.696,4.639,4.183,1,15,8.873,6,11,,,,True,${oc.env:DATA_FOLDER}/nemo/misc/multilang/context/VoxCeleb/chat/train.jsonl
clotho_aqa_improved,train,,sound,sound_qa,en,,,5802,5802,130976.86,1d 12h 22m 56s,15.0,30.0,22.574,22.65,4.364,4.233,1,23,8.884,3,56,,,,True,${oc.env:DATA_FOLDER}/nemo/sounds/audio-question-answering/en/context/clotho_aqa_improved/train.jsonl
clotho_aqa_improved,train,,sound,sound_qa,fr,,,5802,5802,130976.86,1d 12h 22m 56s,15.0,30.0,22.574,22.65,4.364,5.179,1,32,9.508,2,58,,,,True,${oc.env:DATA_FOLDER}/nemo/sounds/audio-question-answering/fr/context/clotho_aqa_improved/train.jsonl
combined_small_ds,train,,music,mqa,en,,,24547,24547,239904.38,2d 18h 38m 24s,5.59,10.01,9.773,10.0,0.544,14.547,1,80,7.975,2,112,,,,True,${oc.env:DATA_FOLDER}/nemo/music/Nvidia/AudioSkills/combined_small_ds/train.jsonl
combined_small_ds,train,,sound,aqa,en,,,245265,245267,9926122.93,114d 21h 15m 22s,0.27,19875.997,40.471,10.0,178.391,9.677,1,185,14.339,1,123,,,,True,${oc.env:DATA_FOLDER}/nemo/sounds/Nvidia/AudioSkills/combined_small_ds/train.jsonl
common_voice_de,train,,other,age_reco,de,,,42523,42523,254413.94,2d 22h 40m 13s,1.55,15.48,5.983,5.83,1.647,4.987,1,40,8.073,1,60,,,,True,${oc.env:DATA_FOLDER}/nemo/question-answering/qa_audio-context-text-question/de/SIFT-50M/content_level/common_voice_de/train_age.jsonl
common_voice_de,train,,other,gender_reco,de,,,232062,232062,1315876.77,15d 05h 31m 16s,1.36,16.85,5.67,5.51,1.683,4.895,1,31,5.164,1,12,,,,True,${oc.env:DATA_FOLDER}/nemo/question-answering/qa_audio-context-text-question/de/SIFT-50M/content_level/common_voice_de/train_gender.jsonl
common_voice_de,train,,qa,,de,,,710082,710082,4086816.01,47d 07h 13m 36s,1.36,17.64,5.755,5.62,1.678,5.439,1,43,9.983,1,77,,,,True,${oc.env:DATA_FOLDER}/nemo/question-answering/qa_audio-context-text-question/de/SIFT-50M/content_level/common_voice_de/train_other.jsonl
common_voice_es,train,,other,age_reco,es,,,8776,8776,45482.2,0d 12h 38m 02s,1.55,13.25,5.183,5.08,1.48,6.128,1,37,10.871,1,52,,,,True,${oc.env:DATA_FOLDER}/nemo/question-answering/qa_audio-context-text-question/es/SIFT-50M/content_level/common_voice_es/train_age.jsonl
common_voice_es,train,,other,gender_reco,es,,,8955,8955,46385.06,0d 12h 53m 05s,1.55,13.25,5.18,5.08,1.488,5.855,1,24,8.291,1,12,,,,True,${oc.env:DATA_FOLDER}/nemo/question-answering/qa_audio-context-text-question/es/SIFT-50M/content_level/common_voice_es/train_gender.jsonl
common_voice_es,train,,qa,,es,,,20061,20061,105687.14,1d 05h 21m 27s,1.55,13.25,5.268,5.18,1.475,5.893,1,34,14.805,1,71,,,,True,${oc.env:DATA_FOLDER}/nemo/question-answering/qa_audio-context-text-question/es/SIFT-50M/content_level/common_voice_es/train_other.jsonl
common_voice_fr,train,,qa,,fr,,,521557,521557,2712848.9,31d 09h 34m 08s,0.7,16.81,5.201,5.09,1.492,5.825,1,35,12.899,1,82,,,,True,${oc.env:DATA_FOLDER}/nemo/question-answering/qa_audio-context-text-question/fr/SIFT-50M/content_level/common_voice_fr/train_other.jsonl
common_voice_it,train,,other,age_reco,it,,,99704,99704,523080.69,6d 01h 18m 00s,0.86,10.9,5.246,5.22,1.603,5.129,1,41,8.502,1,57,,,,True,${oc.env:DATA_FOLDER}/nemo/question-answering/qa_audio-context-text-question/it/SIFT-50M/content_level/common_voice_it/train_age.jsonl
common_voice_it,train,,other,gender_reco,it,,,117585,117585,612891.27,7d 02h 14m 51s,0.86,14.06,5.212,5.18,1.594,4.756,1,34,7.001,1,12,,,,True,${oc.env:DATA_FOLDER}/nemo/question-answering/qa_audio-context-text-question/it/SIFT-50M/content_level/common_voice_it/train_gender.jsonl
common_voice_it,train,,qa,,it,,,170900,170900,910113.9,10d 12h 48m 33s,0.86,14.06,5.325,5.29,1.589,4.707,1,48,11.58,1,64,,,,True,${oc.env:DATA_FOLDER}/nemo/question-answering/qa_audio-context-text-question/it/SIFT-50M/content_level/common_voice_it/train_other.jsonl
daily_talk,train,,qa,,en,,,45951,45951,1437250.23,16d 15h 14m 10s,5.671,103.473,31.278,27.166,16.057,9.972,1,143,12.895,1,37,,,,True,${oc.env:DATA_FOLDER}/nemo/misc/en/context/Nvidia/LongAudio/daily_talk/train.jsonl
emotional-speech-audio-dataset-4languages-fr,train,,other,emotion_reco,fr,,,144,144,600.82,0d 00h 10m 00s,2.557,6.198,4.172,4.111,0.712,4.701,1,11,5.354,4,9,,,,True,${oc.env:DATA_FOLDER}/nemo/misc/fr/context/emotional-speech-audio-dataset-4languages-fr/train.jsonl
finegrained,train,,other,voice_captioning,en,,,109790,109790,922813.54,10d 16h 20m 13s,2.0,29.97,8.405,6.61,4.925,9.1,1,19,57.714,20,129,619.0,,,True,${oc.env:DATA_FOLDER}/nemo/misc/en/context/FCaps/finegrained/train.jsonl
fma,train,,music,mqa,en,,,1558847,1558847,46152416.52,534d 04h 06m 56s,0.37,103.81,29.607,29.98,2.637,5.942,0,41,46.339,5,656,,,,True,${oc.env:DATA_FOLDER}/nemo/music/Nvidia/AudioSkills/fma/train.jsonl
format_json_answer,train,,other,formatted_information_extraction,en,,,41337,41337,1649668.58,19d 02h 14m 28s,3.066,40.0,39.908,40.0,1.351,16.474,1,168,46.14,13,194,,,,True,${oc.env:DATA_FOLDER}/nemo/misc/en/context/slue-phase-2-sqa5/format_json_answer/train.jsonl
format_json_answer,train,,other,temporal,en,,,41337,41337,1649668.58,19d 02h 14m 28s,3.066,40.0,39.908,40.0,1.351,21.171,1,174,46.145,12,194,,,,True,${oc.env:DATA_FOLDER}/nemo/temporal/en/slue-phase-2-sqa5/format_json_answer/train.jsonl
gruhit-patel--alpaca_speech_instruct,train,,qa,,en,,,51753,51753,259417.41,3d 00h 03m 37s,0.755,105.964,5.013,3.924,4.293,4.5,1,8,109.939,1,507,,,,True,${oc.env:DATA_FOLDER}/nemo/question-answering/qa_audio-question-only/en/gruhit-patel--alpaca_speech_instruct/train.jsonl
iemocap,train,,qa,,en,,,9181,9181,1015922.47,11d 18h 12m 02s,0.585,753.005,110.655,6.26,154.485,6.975,1,129,7.926,1,84,,,,True,${oc.env:DATA_FOLDER}/nemo/misc/en/context/Nvidia/LongAudio/iemocap/train.jsonl
liangtianle--science-question,train,,qa,,en,,,3500,3500,27802.04,0d 07h 43m 22s,1.8,16.92,7.943,7.64,2.163,4.5,1,8,18.575,6,54,,,,True,${oc.env:DATA_FOLDER}/nemo/question-answering/qa_audio-question-only/en/liangtianle--science-question/train.jsonl
liangtianle--unsafety-question,train,,qa,,en,,,3383,3383,57313.52,0d 15h 55m 13s,2.76,37.48,16.942,17.24,4.737,4.5,1,8,352.71,1,1562,,,,True,${oc.env:DATA_FOLDER}/nemo/question-answering/qa_audio-question-only/en/liangtianle--unsafety-question/train.jsonl
librispeech,train,,qa,,en,,,7976,7976,100164.82,1d 03h 49m 24s,1.645,17.19,12.558,14.15,3.861,4.527,1,155,29.174,1,99,,,,True,${oc.env:DATA_FOLDER}/nemo/misc/en/context/Nvidia/LongAudio/librispeech/train.jsonl
magnatagattune,train,,sound,aqa,en,,,364716,364724,10621988.78,122d 22h 33m 08s,29.124,29.124,29.124,29.124,0.0,6.039,0,38,51.014,3,358,,,,True,${oc.env:DATA_FOLDER}/nemo/sounds/Nvidia/AudioSkills/magnatagattune/train.jsonl
meld,train,,qa,,en,,,920,920,29173.55,0d 08h 06m 13s,1.259,107.797,31.71,29.173,19.114,14.872,1,104,88.477,2,262,,,,True,${oc.env:DATA_FOLDER}/nemo/misc/en/context/Nvidia/AF-Think/meld/train.jsonl
meld,train,,qa,,en,,,25789,25789,824124.13,9d 12h 55m 24s,1.045,107.797,31.956,29.291,18.98,10.14,1,137,16.254,1,64,,,,True,${oc.env:DATA_FOLDER}/nemo/misc/en/context/Nvidia/LongAudio/meld/train.jsonl
mispeech_MECAT-Caption,train,,sound,sound_captioning,en,,,19832,19832,199311.6,2d 07h 21m 51s,10.05,10.05,10.05,10.05,0.0,3.909,1,10,13.109,4,44,,,,True,${oc.env:DATA_FOLDER}/nemo/sounds/audio-captioning/en/context/mispeech_MECAT-Caption/train.jsonl
mispeech_MECAT-Caption,train,,sound,sound_captioning,fr,,,19832,19832,199311.6,2d 07h 21m 51s,10.05,10.05,10.05,10.05,0.0,4.22,1,14,19.562,3,65,,,,True,${oc.env:DATA_FOLDER}/nemo/sounds/audio-captioning/fr/context/mispeech_MECAT-Caption/train.jsonl
mispeech_MECAT-QA,train,,sound,sound_qa,en,,,100195,100195,1006959.75,11d 15h 42m 39s,10.05,10.05,10.05,10.05,0.0,4.044,1,17,6.609,1,20,,,,True,${oc.env:DATA_FOLDER}/nemo/sounds/audio-question-answering/en/context/mispeech_MECAT-QA/train.jsonl
mispeech_MECAT-QA,train,,sound,sound_qa,fr,,,100195,100195,1006959.75,11d 15h 42m 39s,10.05,10.05,10.05,10.05,0.0,5.29,1,29,10.056,1,37,,,,True,${oc.env:DATA_FOLDER}/nemo/sounds/audio-question-answering/fr/context/mispeech_MECAT-QA/train.jsonl
mixed,train,,other,diarization,en,,,9144,9144,319228.47,3d 16h 40m 28s,10.01,89.998,34.911,29.93,18.83,7.222,1,31,99.79,8,409,,,,True,${oc.env:DATA_FOLDER}/nemo/diarization/en/icsi/mixed/train.jsonl
mixed,train,,other,diarization,en,,,9557,9557,408599.2,4d 17h 29m 59s,10.48,89.968,42.754,38.592,19.189,7.204,1,32,98.937,4,369,,,,True,${oc.env:DATA_FOLDER}/nemo/diarization/en/ami/mixed/train.jsonl
mixed,train,,other,diarization,fr,,,5508,5508,196697.46,2d 06h 38m 17s,10.003,90.0,35.711,29.477,20.959,7.792,1,32,104.093,8,382,,,,True,${oc.env:DATA_FOLDER}/nemo/diarization/fr/cfpp2000/mixed/train.jsonl
mixed,train,,other,diarization,fr,,,18475,18475,592437.41,6d 20h 33m 57s,10.0,89.987,32.067,28.071,16.154,8.625,1,32,84.136,4,407,,,,True,${oc.env:DATA_FOLDER}/nemo/diarization/fr/tcof/mixed/train.jsonl
mixed,train,,other,diarization,fr,,,43513,43513,1456072.19,16d 20h 27m 52s,10.007,89.986,33.463,29.127,16.923,7.936,1,32,90.349,4,399,,,,True,${oc.env:DATA_FOLDER}/nemo/diarization/fr/eslo/mixed/train.jsonl
mixed,train,,other,voice_captioning,en,,,109790,109790,922813.54,10d 16h 20m 13s,2.0,29.97,8.405,6.61,4.925,6.773,1,17,38.889,5,123,619.0,,,True,${oc.env:DATA_FOLDER}/nemo/misc/en/context/FCaps/mixed/train.jsonl
multidialogue,train,,qa,,en,,,136809,136809,18487039.66,213d 23h 17m 19s,1.301,498.88,135.13,130.837,39.853,11.03,1,277,14.809,1,71,,,,True,${oc.env:DATA_FOLDER}/nemo/misc/en/context/Nvidia/LongAudio/multidialogue/train.jsonl
multilingual_librispeech_de,train,,other,gender_reco,de,,,319987,319987,4753648.72,55d 00h 27m 28s,10.0,20.0,14.856,14.69,2.9,5.622,1,57,6.702,1,12,,,,True,${oc.env:DATA_FOLDER}/nemo/question-answering/qa_audio-context-text-question/de/SIFT-50M/content_level/multilingual_librispeech_de/train_gender.jsonl
multilingual_librispeech_de,train,,qa,,de,,,621424,621424,9434816.81,109d 04h 46m 56s,10.0,20.0,15.183,15.18,2.895,7.073,1,64,22.205,1,120,,,,True,${oc.env:DATA_FOLDER}/nemo/question-answering/qa_audio-context-text-question/de/SIFT-50M/content_level/multilingual_librispeech_de/train_other.jsonl
multilingual_librispeech_es,train,,other,gender_reco,es,,,132216,132216,1933908.03,22d 09h 11m 48s,10.0,20.0,14.627,14.38,2.857,6.6,1,71,8.798,1,12,,,,True,${oc.env:DATA_FOLDER}/nemo/question-answering/qa_audio-context-text-question/es/SIFT-50M/content_level/multilingual_librispeech_es/train_gender.jsonl
multilingual_librispeech_es,train,,qa,,es,,,297437,297437,4493403.9,52d 00h 10m 03s,10.0,20.0,15.107,15.1,2.854,7.505,1,81,26.886,1,125,,,,True,${oc.env:DATA_FOLDER}/nemo/question-answering/qa_audio-context-text-question/es/SIFT-50M/content_level/multilingual_librispeech_es/train_other.jsonl
multilingual_librispeech_fr,train,,qa,,fr,,,407276,407276,6165062.46,71d 08h 31m 02s,10.0,20.0,15.137,15.13,2.868,7.898,1,78,28.271,1,131,,,,True,${oc.env:DATA_FOLDER}/nemo/question-answering/qa_audio-context-text-question/fr/SIFT-50M/content_level/multilingual_librispeech_fr/train_other.jsonl
multilingual_librispeech_it,train,,other,gender_reco,it,,,42472,42472,626600.36,7d 06h 03m 20s,10.0,20.0,14.753,14.61,2.804,4.655,1,63,6.603,1,12,,,,True,${oc.env:DATA_FOLDER}/nemo/question-answering/qa_audio-context-text-question/it/SIFT-50M/content_level/multilingual_librispeech_it/train_gender.jsonl
multilingual_librispeech_it,train,,qa,,it,,,77151,77151,1161388.56,13d 10h 36m 28s,10.0,20.0,15.053,15.04,2.822,5.817,1,60,26.115,1,106,,,,True,${oc.env:DATA_FOLDER}/nemo/question-answering/qa_audio-context-text-question/it/SIFT-50M/content_level/multilingual_librispeech_it/train_other.jsonl
musiccaps,train,,music,mqa,en,,,36,36,360.07,0d 00h 06m 00s,10.0,10.008,10.002,10.0,0.003,22.875,1,77,55.944,21,114,,,,True,${oc.env:DATA_FOLDER}/nemo/music/Nvidia/AF-Think/musiccaps/train.jsonl
not_af_cot_train,train,,sound,aqa,en,,,2991,2991,291288.99,3d 08h 54m 48s,1.0,8330.985,97.388,10.001,374.484,20.566,1,93,60.625,1,285,,,,True,${oc.env:DATA_FOLDER}/nemo/sounds/Nvidia/AF-Think/not_af_cot_train/train.jsonl
nutshell,train,,qa,summarization,en,,,3981,3981,2908987.64,33d 16h 03m 07s,120.813,14383.36,730.718,686.72,714.48,5.255,1,12,142.798,32,443,,,,True,${oc.env:DATA_FOLDER}/nemo/summary/en/nutshell/train.jsonl
short_captions,train,,other,voice_captioning,en,,,109790,109790,922813.54,10d 16h 20m 13s,2.0,29.97,8.405,6.61,4.925,5.706,1,14,29.469,5,87,619.0,,,True,${oc.env:DATA_FOLDER}/nemo/misc/en/context/FCaps/short_captions/train.jsonl
slue-phase-2-sqa5,train,,qa,,en,,,46186,46186,1840454.61,21d 07h 14m 14s,3.066,40.0,39.849,40.0,1.615,6.089,1,142,1.472,1,87,,,,True,${oc.env:DATA_FOLDER}/nemo/question-answering/qa_audio-context-text-question/en/slue-phase-2-sqa5/train.jsonl
slue-phase-2-sqa5,train,,qa,,en,,,46186,46186,277102.13,3d 04h 58m 22s,0.36,79.98,6.0,5.34,2.857,1.0,1,1,1.472,1,87,,,,True,${oc.env:DATA_FOLDER}/nemo/question-answering/qa_audio-question-audio-context/en/slue-phase-2-sqa5/train.jsonl
slue-phase-2-sqa5,train,,qa,,en,,,46186,46186,277102.13,3d 04h 58m 22s,0.36,79.98,6.0,5.34,2.857,51.752,1,199,1.472,1,87,,,,True,${oc.env:DATA_FOLDER}/nemo/question-answering/qa_audio-question-text-context/en/slue-phase-2-sqa5/train.jsonl
slue-phase-2-ted,train,,qa,summarization,en,,,3384,3384,2392538.07,27d 16h 35m 38s,81.781,4154.259,707.015,703.809,360.727,3.552,1,8,62.026,9,143,,,,True,${oc.env:DATA_FOLDER}/nemo/summary/en/slue-phase-2-ted/train.jsonl
ssd,train,,other,sentence_stress_detection,en,,,4400,4400,13117.16,0d 03h 38m 37s,1.125,6.513,2.981,2.938,0.648,4.35,1,10,7.172,3,13,,,,True,${oc.env:DATA_FOLDER}/nemo/misc/en/context/Stress/ssd/train.jsonl
ssd,train,,other,sentence_stress_detection,fr,,,4400,4400,13117.16,0d 03h 38m 37s,1.125,6.513,2.981,2.938,0.648,4.641,1,10,7.172,3,13,,,,True,${oc.env:DATA_FOLDER}/nemo/misc/fr/context/Stress/ssd/train.jsonl
ssi-speech-age-recognition,train,,other,age_reco,en,,,10000,10000,26219.83,0d 07h 16m 59s,1.254,7.139,2.622,2.469,0.717,4.787,1,14,7.272,4,12,,,,True,${oc.env:DATA_FOLDER}/nemo/misc/en/context/ssi-speech/ssi-speech-age-recognition/train.jsonl
ssi-speech-age-recognition,train,,other,age_reco,fr,,,10000,10000,26219.83,0d 07h 16m 59s,1.254,7.139,2.622,2.469,0.717,5.339,1,14,7.495,4,11,,,,True,${oc.env:DATA_FOLDER}/nemo/misc/fr/context/ssi-speech/ssi-speech-age-recognition/train.jsonl
ssi-speech-emotion-recognition,train,,other,emotion_reco,en,,,10000,10000,26219.83,0d 07h 16m 59s,1.254,7.139,2.622,2.469,0.717,4.977,1,11,4.171,3,6,,,,True,${oc.env:DATA_FOLDER}/nemo/misc/en/context/ssi-speech/ssi-speech-emotion-recognition/train.jsonl
ssi-speech-emotion-recognition,train,,other,emotion_reco,fr,,,10000,10000,26219.83,0d 07h 16m 59s,1.254,7.139,2.622,2.469,0.717,5.051,1,11,4.762,3,9,,,,True,${oc.env:DATA_FOLDER}/nemo/misc/fr/context/ssi-speech/ssi-speech-emotion-recognition/train.jsonl
ssi-speech-gender-recognition,train,,other,gender_reco,en,,,10000,10000,26219.83,0d 07h 16m 59s,1.254,7.139,2.622,2.469,0.717,5.527,1,12,6.081,4,12,,,,True,${oc.env:DATA_FOLDER}/nemo/misc/en/context/ssi-speech/ssi-speech-gender-recognition/train.jsonl
ssi-speech-gender-recognition,train,,other,gender_reco,fr,,,10000,10000,26219.83,0d 07h 16m 59s,1.254,7.139,2.622,2.469,0.717,5.748,1,14,6.226,4,10,,,,True,${oc.env:DATA_FOLDER}/nemo/misc/fr/context/ssi-speech/ssi-speech-gender-recognition/train.jsonl
ssr,train,,other,sentence_stress_reasoning,en,,,4400,4400,13117.16,0d 03h 38m 37s,1.125,6.513,2.981,2.938,0.648,4.457,1,15,17.697,7,32,,,,True,${oc.env:DATA_FOLDER}/nemo/misc/en/context/Stress/ssr/train.jsonl
summary,train,,qa,summarization,en,,,410,410,84169.93,0d 23h 22m 49s,13.313,857.908,205.293,159.495,154.949,1.0,1,1,44.095,5,244,,,,True,${oc.env:DATA_FOLDER}/nemo/summary/en/icsi/summary/train.jsonl
time2sentence,train,,other,information_extraction,en,,,45384,45384,1811152.18,20d 23h 05m 52s,3.066,40.0,39.907,40.0,1.352,4.577,1,10,30.916,1,176,,,,True,${oc.env:DATA_FOLDER}/nemo/misc/en/context/slue-phase-2-sqa5/time2sentence/train.jsonl
time2sentence,train,,other,temporal,en,,,45372,45372,1810856.75,20d 23h 00m 56s,3.066,40.0,39.911,40.0,1.318,4.578,1,10,25.551,0,167,,,,True,${oc.env:DATA_FOLDER}/nemo/temporal/en/slue-phase-2-sqa5/time2sentence/train.jsonl
time2sentence,train,,other,temporal,fr,,,79271,79271,3623751.04,41d 22h 35m 51s,10.0,60.0,45.713,49.24,12.659,4.467,1,11,18.336,1,91,,,,True,${oc.env:DATA_FOLDER}/nemo/temporal/fr/Multilingual_LibriSpeech/time2sentence/train.jsonl
time2word,train,,other,information_extraction,en,,,45531,45531,1817104.54,21d 00h 45m 04s,3.066,40.0,39.909,40.0,1.348,4.127,1,10,5.772,1,92,,,,True,${oc.env:DATA_FOLDER}/nemo/misc/en/context/slue-phase-2-sqa5/time2word/train.jsonl
time2word,train,,other,temporal,en,,,45512,45512,1816303.93,21d 00h 31m 43s,3.066,40.0,39.908,40.0,1.337,4.13,1,10,1.431,1,87,,,,True,${oc.env:DATA_FOLDER}/nemo/temporal/en/slue-phase-2-sqa5/time2word/train.jsonl
time2word,train,,other,temporal,fr,,,79271,79271,3623751.04,41d 22h 35m 51s,10.0,60.0,45.713,49.24,12.659,4.415,1,11,1.0,1,1,,,,True,${oc.env:DATA_FOLDER}/nemo/temporal/fr/Multilingual_LibriSpeech/time2word/train.jsonl
word2sentence,train,,other,information_extraction,en,,,45509,45509,1815986.29,21d 00h 26m 26s,3.066,40.0,39.904,40.0,1.397,4.854,1,93,34.394,1,174,,,,True,${oc.env:DATA_FOLDER}/nemo/misc/en/context/slue-phase-2-sqa5/word2sentence/train.jsonl
word2sentence,train,,other,temporal,en,,,45555,45555,1818079.8,21d 01h 01m 19s,3.066,40.0,39.91,40.0,1.339,4.853,1,93,28.799,0,167,,,,True,${oc.env:DATA_FOLDER}/nemo/temporal/en/slue-phase-2-sqa5/word2sentence/train.jsonl
word2sentence,train,,other,temporal,fr,,,79271,79271,3623751.04,41d 22h 35m 51s,10.0,60.0,45.713,49.24,12.659,4.782,1,15,26.417,1,173,,,,True,${oc.env:DATA_FOLDER}/nemo/temporal/fr/Multilingual_LibriSpeech/word2sentence/train.jsonl
word2time,train,,other,information_extraction,en,,,45469,45469,1814483.86,21d 00h 01m 23s,3.066,40.0,39.906,40.0,1.364,5.07,1,93,6.366,1,92,,,,True,${oc.env:DATA_FOLDER}/nemo/misc/en/context/slue-phase-2-sqa5/word2time/train.jsonl
word2time,train,,other,temporal,en,,,45474,45474,1814719.11,21d 00h 05m 19s,3.066,40.0,39.907,40.0,1.354,5.091,1,92,1.0,1,1,,,,True,${oc.env:DATA_FOLDER}/nemo/temporal/en/slue-phase-2-sqa5/word2time/train.jsonl
word2time,train,,other,temporal,fr,,,79271,79271,3623751.04,41d 22h 35m 51s,10.0,60.0,45.713,49.24,12.659,5.493,1,16,1.0,1,1,,,,True,${oc.env:DATA_FOLDER}/nemo/temporal/fr/Multilingual_LibriSpeech/word2time/train.jsonl
word2time_first,train,,other,information_extraction,en,,,45377,45377,1810958.73,20d 23h 02m 38s,3.066,40.0,39.909,40.0,1.343,5.336,1,95,6.297,1,95,,,,True,${oc.env:DATA_FOLDER}/nemo/misc/en/context/slue-phase-2-sqa5/word2time_first/train.jsonl
worstchan--UltraChat-300K-SLAM-Omni,train,,qa,,en,,,164464,164464,1231490.63,14d 06h 04m 50s,0.395,29.989,7.488,5.596,5.497,1.0,1,1,60.016,1,120,,,,True,${oc.env:DATA_FOLDER}/nemo/question-answering/qa_audio-question-only/en/worstchan--UltraChat-300K-SLAM-Omni/train.jsonl
yijingwu--HeySQuAD_human,train,,qa,,en,,,10757,10757,64964.28,0d 18h 02m 44s,2.155,26.448,6.039,5.828,1.608,21.092,1,499,3.007,1,43,,,,True,${oc.env:DATA_FOLDER}/nemo/question-answering/qa_audio-question-text-context/en/yijingwu--HeySQuAD_human/train.jsonl
youtube8m,train,,sound,aqa,en,,,1747160,1747160,17471560.07,202d 05h 12m 40s,1.879,10.0,10.0,10.0,0.012,11.044,1,83,22.559,1,66,,,,True,${oc.env:DATA_FOLDER}/nemo/sounds/Nvidia/AudioSkills/youtube8m/train.jsonl
